平成25年度公開プロセス_内閣府,大臣官房会計課,大臣官房会計課,行政事業レビューの取組の1つで、内閣府の事業の一部について、外務の有識者が執行状況を点検するもの,1年,内閣府,公開プロセスの時間割表,PDF,公開プロセス時間割,http://www.cao.go.jp/yosan/pdf/review_suishin_time.pdf
平成25年度公開プロセス_内閣府,大臣官房会計課,大臣官房会計課,行政事業レビューの取組の1つで、内閣府の事業の一部について、外務の有識者が執行状況を点検するもの,1年,内閣府,,PDF,災害対策の総合推進調整に必要な経費_レビューシート,http://www.cao.go.jp/yosan/pdf/25_0138.pdf
平成25年度公開プロセス_内閣府,大臣官房会計課,大臣官房会計課,行政事業レビューの取組の1つで、内閣府の事業の一部について、外務の有識者が執行状況を点検するもの,1年,内閣府,,PDF,災害対策の総合推進調整に必要な経費_参考資料等,http://www.cao.go.jp/yosan/pdf/process25_siryo_saigai.pdf
平成25年度公開プロセス_内閣府,大臣官房会計課,大臣官房会計課,行政事業レビューの取組の1つで、内閣府の事業の一部について、外務の有識者が執行状況を点検するもの,1年,内閣府,,PDF,災害対策の総合推進調整に必要な経費_外部有識者のコメント,http://www.cao.go.jp/yosan/pdf/process25_comment_saigai.pdf
平成25年度公開プロセス_内閣府,大臣官房会計課,大臣官房会計課,行政事業レビューの取組の1つで、内閣府の事業の一部について、外務の有識者が執行状況を点検するもの,1年,内閣府,,PDF,災害対策の総合推進調整に必要な経費_議事録,http://www.cao.go.jp/yosan/pdf/process25_giziroku_saigai.pdf
平成25年度公開プロセス_内閣府,大臣官房会計課,大臣官房会計課,行政事業レビューの取組の1つで、内閣府の事業の一部について、外務の有識者が執行状況を点検するもの,1年,内閣府,,PDF,犯罪被害者等施策推進経費_レビューシート,http://www.cao.go.jp/yosan/pdf/25_0089.pdf
平成25年度公開プロセス_内閣府,大臣官房会計課,大臣官房会計課,行政事業レビューの取組の1つで、内閣府の事業の一部について、外務の有識者が執行状況を点検するもの,1年,内閣府,,PDF,犯罪被害者等施策推進経費_参考資料等１,http://www.cao.go.jp/yosan/pdf/process25_siryo_hanhi1.pdf
平成25年度公開プロセス_内閣府,大臣官房会計課,大臣官房会計課,行政事業レビューの取組の1つで、内閣府の事業の一部について、外務の有識者が執行状況を点検するもの,1年,内閣府,,PDF,犯罪被害者等施策推進経費_参考資料等２,http://www.cao.go.jp/yosan/pdf/process25_siryo_hanhi2.pdf
平成25年度公開プロセス_内閣府,大臣官房会計課,大臣官房会計課,行政事業レビューの取組の1つで、内閣府の事業の一部について、外務の有識者が執行状況を点検するもの,1年,内閣府,,PDF,交通安全対策推進経費_レビューシート,http://www.cao.go.jp/yosan/pdf/25_0088.pdf
平成25年度公開プロセス_内閣府,大臣官房会計課,大臣官房会計課,行政事業レビューの取組の1つで、内閣府の事業の一部について、外務の有識者が執行状況を点検するもの,1年,内閣府,,PDF,交通安全対策推進経費_参考資料等１,http://www.cao.go.jp/yosan/pdf/process25_siryo_kouan1.pdf
平成25年度公開プロセス_内閣府,大臣官房会計課,大臣官房会計課,行政事業レビューの取組の1つで、内閣府の事業の一部について、外務の有識者が執行状況を点検するもの,1年,内閣府,,PDF,交通安全対策推進経費_参考資料等２,http://www.cao.go.jp/yosan/pdf/process25_siryo_kouan2.pdf
平成25年度公開プロセス_内閣府,大臣官房会計課,大臣官房会計課,行政事業レビューの取組の1つで、内閣府の事業の一部について、外務の有識者が執行状況を点検するもの,1年,内閣府,,PDF,交通安全対策推進経費_参考資料等３,http://www.cao.go.jp/yosan/pdf/process25_siryo_kouan3.pdf
平成25年度公開プロセス_内閣府,大臣官房会計課,大臣官房会計課,行政事業レビューの取組の1つで、内閣府の事業の一部について、外務の有識者が執行状況を点検するもの,1年,内閣府,,PDF,交通安全対策推進経費_参考資料等４,http://www.cao.go.jp/yosan/pdf/process25_siryo_kouan4.pdf
平成25年度公開プロセス_内閣府,大臣官房会計課,大臣官房会計課,行政事業レビューの取組の1つで、内閣府の事業の一部について、外務の有識者が執行状況を点検するもの,1年,内閣府,,PDF,犯罪被害者等施策推進経費、交通安全対策推進経費_外部有識者のコメント,http://www.cao.go.jp/yosan/pdf/process25_comment_kyosei.pdf
平成25年度公開プロセス_内閣府,大臣官房会計課,大臣官房会計課,行政事業レビューの取組の1つで、内閣府の事業の一部について、外務の有識者が執行状況を点検するもの,1年,内閣府,,PDF,犯罪被害者等施策推進経費、交通安全対策推進経費_議事録,http://www.cao.go.jp/yosan/pdf/process25_giziroku_kyosei.pdf
平成25年度公開プロセス_内閣府,大臣官房会計課,大臣官房会計課,行政事業レビューの取組の1つで、内閣府の事業の一部について、外務の有識者が執行状況を点検するもの,1年,内閣府,,PDF,特定地域再生計画の推進に必要な経費_レビューシート,http://www.cao.go.jp/yosan/pdf/25_0031.pdf
平成25年度公開プロセス_内閣府,大臣官房会計課,大臣官房会計課,行政事業レビューの取組の1つで、内閣府の事業の一部について、外務の有識者が執行状況を点検するもの,1年,内閣府,,PDF,特定地域再生計画の推進に必要な経費_参考資料等,http://www.cao.go.jp/yosan/pdf/process25_siryo_tiikisaisei.pdf
平成25年度公開プロセス_内閣府,大臣官房会計課,大臣官房会計課,行政事業レビューの取組の1つで、内閣府の事業の一部について、外務の有識者が執行状況を点検するもの,1年,内閣府,,PDF,特定地域再生計画の推進に必要な経費_外部有識者のコメント,http://www.cao.go.jp/yosan/pdf/process25_comment_tiikisaisei.pdf
平成25年度公開プロセス_内閣府,大臣官房会計課,大臣官房会計課,行政事業レビューの取組の1つで、内閣府の事業の一部について、外務の有識者が執行状況を点検するもの,1年,内閣府,,PDF,特定地域再生計画の推進に必要な経費_議事録,http://www.cao.go.jp/yosan/pdf/process25_giziroku_tiikisaisei.pdf
平成25年度公開プロセス_内閣府,大臣官房会計課,大臣官房会計課,行政事業レビューの取組の1つで、内閣府の事業の一部について、外務の有識者が執行状況を点検するもの,1年,内閣府,,PDF,独立行政法人国立公文書館運営費交付金に必要な経費_レビューシート,http://www.cao.go.jp/yosan/pdf/25_0118.pdf
平成25年度公開プロセス_内閣府,大臣官房会計課,大臣官房会計課,行政事業レビューの取組の1つで、内閣府の事業の一部について、外務の有識者が執行状況を点検するもの,1年,内閣府,,PDF,独立行政法人国立公文書館運営費交付金に必要な経費_参考資料等_1,http://www.cao.go.jp/yosan/pdf/process25_siryo_koubunnsyokan1.pdf
平成25年度公開プロセス_内閣府,大臣官房会計課,大臣官房会計課,行政事業レビューの取組の1つで、内閣府の事業の一部について、外務の有識者が執行状況を点検するもの,1年,内閣府,,PDF,独立行政法人国立公文書館運営費交付金に必要な経費_参考資料等_2,http://www.cao.go.jp/yosan/pdf/process25_siryo_koubunnsyokan2.pdf
平成25年度公開プロセス_内閣府,大臣官房会計課,大臣官房会計課,行政事業レビューの取組の1つで、内閣府の事業の一部について、外務の有識者が執行状況を点検するもの,1年,内閣府,,PDF,独立行政法人国立公文書館運営費交付金に必要な経費_参考資料等_3,http://www.cao.go.jp/yosan/pdf/process25_siryo_koubunnsyokan3.pdf
平成25年度公開プロセス_内閣府,大臣官房会計課,大臣官房会計課,行政事業レビューの取組の1つで、内閣府の事業の一部について、外務の有識者が執行状況を点検するもの,1年,内閣府,,PDF,独立行政法人国立公文書館運営費交付金に必要な経費_外部有識者のコメント,http://www.cao.go.jp/yosan/pdf/process25_comment_koubunnsyokan.pdf
平成25年度公開プロセス_内閣府,大臣官房会計課,大臣官房会計課,行政事業レビューの取組の1つで、内閣府の事業の一部について、外務の有識者が執行状況を点検するもの,1年,内閣府,,PDF,独立行政法人国立公文書館運営費交付金に必要な経費_議事録,http://www.cao.go.jp/yosan/pdf/process25_giziroku_koubunnsyokan.pdf
平成25年度公開プロセス_内閣府,大臣官房会計課,大臣官房会計課,行政事業レビューの取組の1つで、内閣府の事業の一部について、外務の有識者が執行状況を点検するもの,1年,内閣府,,PDF,論点等,http://www.cao.go.jp/yosan/pdf/process25_point.pdf
平成25年度公開プロセス_内閣府,大臣官房会計課,大臣官房会計課,行政事業レビューの取組の1つで、内閣府の事業の一部について、外務の有識者が執行状況を点検するもの,1年,内閣府,,PDF,コメント結果,http://www.cao.go.jp/yosan/pdf/comment_25.pdf
平成25年度公開プロセス_内閣府,大臣官房会計課,大臣官房会計課,行政事業レビューの取組の1つで、内閣府の事業の一部について、外務の有識者が執行状況を点検するもの,1年,内閣府,公開プロセスの時間割表,PDF,公開プロセス時間割,http://www.cao.go.jp/yosan/pdf/review_suishin_time.pdf
平成25年度公開プロセス_内閣府,大臣官房会計課,大臣官房会計課,行政事業レビューの取組の1つで、内閣府の事業の一部について、外務の有識者が執行状況を点検するもの,1年,内閣府,,PDF,災害対策の総合推進調整に必要な経費_レビューシート,http://www.cao.go.jp/yosan/pdf/25_0138.pdf
平成25年度公開プロセス_内閣府,大臣官房会計課,大臣官房会計課,行政事業レビューの取組の1つで、内閣府の事業の一部について、外務の有識者が執行状況を点検するもの,1年,内閣府,,PDF,災害対策の総合推進調整に必要な経費_参考資料等,http://www.cao.go.jp/yosan/pdf/process25_siryo_saigai.pdf
平成25年度公開プロセス_内閣府,大臣官房会計課,大臣官房会計課,行政事業レビューの取組の1つで、内閣府の事業の一部について、外務の有識者が執行状況を点検するもの,1年,内閣府,,PDF,災害対策の総合推進調整に必要な経費_外部有識者のコメント,http://www.cao.go.jp/yosan/pdf/process25_comment_saigai.pdf
平成25年度公開プロセス_内閣府,大臣官房会計課,大臣官房会計課,行政事業レビューの取組の1つで、内閣府の事業の一部について、外務の有識者が執行状況を点検するもの,1年,内閣府,,PDF,災害対策の総合推進調整に必要な経費_議事録,http://www.cao.go.jp/yosan/pdf/process25_giziroku_saigai.pdf
平成25年度公開プロセス_内閣府,大臣官房会計課,大臣官房会計課,行政事業レビューの取組の1つで、内閣府の事業の一部について、外務の有識者が執行状況を点検するもの,1年,内閣府,,PDF,犯罪被害者等施策推進経費_レビューシート,http://www.cao.go.jp/yosan/pdf/25_0089.pdf
平成25年度公開プロセス_内閣府,大臣官房会計課,大臣官房会計課,行政事業レビューの取組の1つで、内閣府の事業の一部について、外務の有識者が執行状況を点検するもの,1年,内閣府,,PDF,犯罪被害者等施策推進経費_参考資料等１,http://www.cao.go.jp/yosan/pdf/process25_siryo_hanhi1.pdf
平成25年度公開プロセス_内閣府,大臣官房会計課,大臣官房会計課,行政事業レビューの取組の1つで、内閣府の事業の一部について、外務の有識者が執行状況を点検するもの,1年,内閣府,,PDF,犯罪被害者等施策推進経費_参考資料等２,http://www.cao.go.jp/yosan/pdf/process25_siryo_hanhi2.pdf
平成25年度公開プロセス_内閣府,大臣官房会計課,大臣官房会計課,行政事業レビューの取組の1つで、内閣府の事業の一部について、外務の有識者が執行状況を点検するもの,1年,内閣府,,PDF,交通安全対策推進経費_レビューシート,http://www.cao.go.jp/yosan/pdf/25_0088.pdf
平成25年度公開プロセス_内閣府,大臣官房会計課,大臣官房会計課,行政事業レビューの取組の1つで、内閣府の事業の一部について、外務の有識者が執行状況を点検するもの,1年,内閣府,,PDF,交通安全対策推進経費_参考資料等１,http://www.cao.go.jp/yosan/pdf/process25_siryo_kouan1.pdf
平成25年度公開プロセス_内閣府,大臣官房会計課,大臣官房会計課,行政事業レビューの取組の1つで、内閣府の事業の一部について、外務の有識者が執行状況を点検するもの,1年,内閣府,,PDF,交通安全対策推進経費_参考資料等２,http://www.cao.go.jp/yosan/pdf/process25_siryo_kouan2.pdf
平成25年度公開プロセス_内閣府,大臣官房会計課,大臣官房会計課,行政事業レビューの取組の1つで、内閣府の事業の一部について、外務の有識者が執行状況を点検するもの,1年,内閣府,,PDF,交通安全対策推進経費_参考資料等３,http://www.cao.go.jp/yosan/pdf/process25_siryo_kouan3.pdf
平成25年度公開プロセス_内閣府,大臣官房会計課,大臣官房会計課,行政事業レビューの取組の1つで、内閣府の事業の一部について、外務の有識者が執行状況を点検するもの,1年,内閣府,,PDF,交通安全対策推進経費_参考資料等４,http://www.cao.go.jp/yosan/pdf/process25_siryo_kouan4.pdf
平成25年度公開プロセス_内閣府,大臣官房会計課,大臣官房会計課,行政事業レビューの取組の1つで、内閣府の事業の一部について、外務の有識者が執行状況を点検するもの,1年,内閣府,,PDF,犯罪被害者等施策推進経費、交通安全対策推進経費_外部有識者のコメント,http://www.cao.go.jp/yosan/pdf/process25_comment_kyosei.pdf
平成25年度公開プロセス_内閣府,大臣官房会計課,大臣官房会計課,行政事業レビューの取組の1つで、内閣府の事業の一部について、外務の有識者が執行状況を点検するもの,1年,内閣府,,PDF,犯罪被害者等施策推進経費、交通安全対策推進経費_議事録,http://www.cao.go.jp/yosan/pdf/process25_giziroku_kyosei.pdf
平成25年度公開プロセス_内閣府,大臣官房会計課,大臣官房会計課,行政事業レビューの取組の1つで、内閣府の事業の一部について、外務の有識者が執行状況を点検するもの,1年,内閣府,,PDF,特定地域再生計画の推進に必要な経費_レビューシート,http://www.cao.go.jp/yosan/pdf/25_0031.pdf
平成25年度公開プロセス_内閣府,大臣官房会計課,大臣官房会計課,行政事業レビューの取組の1つで、内閣府の事業の一部について、外務の有識者が執行状況を点検するもの,1年,内閣府,,PDF,特定地域再生計画の推進に必要な経費_参考資料等,http://www.cao.go.jp/yosan/pdf/process25_siryo_tiikisaisei.pdf
平成25年度公開プロセス_内閣府,大臣官房会計課,大臣官房会計課,行政事業レビューの取組の1つで、内閣府の事業の一部について、外務の有識者が執行状況を点検するもの,1年,内閣府,,PDF,特定地域再生計画の推進に必要な経費_外部有識者のコメント,http://www.cao.go.jp/yosan/pdf/process25_comment_tiikisaisei.pdf
平成25年度公開プロセス_内閣府,大臣官房会計課,大臣官房会計課,行政事業レビューの取組の1つで、内閣府の事業の一部について、外務の有識者が執行状況を点検するもの,1年,内閣府,,PDF,特定地域再生計画の推進に必要な経費_議事録,http://www.cao.go.jp/yosan/pdf/process25_giziroku_tiikisaisei.pdf
平成25年度公開プロセス_内閣府,大臣官房会計課,大臣官房会計課,行政事業レビューの取組の1つで、内閣府の事業の一部について、外務の有識者が執行状況を点検するもの,1年,内閣府,,PDF,独立行政法人国立公文書館運営費交付金に必要な経費_レビューシート,http://www.cao.go.jp/yosan/pdf/25_0118.pdf
平成25年度公開プロセス_内閣府,大臣官房会計課,大臣官房会計課,行政事業レビューの取組の1つで、内閣府の事業の一部について、外務の有識者が執行状況を点検するもの,1年,内閣府,,PDF,独立行政法人国立公文書館運営費交付金に必要な経費_参考資料等_1,http://www.cao.go.jp/yosan/pdf/process25_siryo_koubunnsyokan1.pdf
平成25年度公開プロセス_内閣府,大臣官房会計課,大臣官房会計課,行政事業レビューの取組の1つで、内閣府の事業の一部について、外務の有識者が執行状況を点検するもの,1年,内閣府,,PDF,独立行政法人国立公文書館運営費交付金に必要な経費_参考資料等_2,http://www.cao.go.jp/yosan/pdf/process25_siryo_koubunnsyokan2.pdf
平成25年度公開プロセス_内閣府,大臣官房会計課,大臣官房会計課,行政事業レビューの取組の1つで、内閣府の事業の一部について、外務の有識者が執行状況を点検するもの,1年,内閣府,,PDF,独立行政法人国立公文書館運営費交付金に必要な経費_参考資料等_3,http://www.cao.go.jp/yosan/pdf/process25_siryo_koubunnsyokan3.pdf
平成25年度公開プロセス_内閣府,大臣官房会計課,大臣官房会計課,行政事業レビューの取組の1つで、内閣府の事業の一部について、外務の有識者が執行状況を点検するもの,1年,内閣府,,PDF,独立行政法人国立公文書館運営費交付金に必要な経費_外部有識者のコメント,http://www.cao.go.jp/yosan/pdf/process25_comment_koubunnsyokan.pdf
平成25年度公開プロセス_内閣府,大臣官房会計課,大臣官房会計課,行政事業レビューの取組の1つで、内閣府の事業の一部について、外務の有識者が執行状況を点検するもの,1年,内閣府,,PDF,独立行政法人国立公文書館運営費交付金に必要な経費_議事録,http://www.cao.go.jp/yosan/pdf/process25_giziroku_koubunnsyokan.pdf
平成25年度公開プロセス_内閣府,大臣官房会計課,大臣官房会計課,行政事業レビューの取組の1つで、内閣府の事業の一部について、外務の有識者が執行状況を点検するもの,1年,内閣府,,PDF,論点等,http://www.cao.go.jp/yosan/pdf/process25_point.pdf
平成25年度公開プロセス_内閣府,大臣官房会計課,大臣官房会計課,行政事業レビューの取組の1つで、内閣府の事業の一部について、外務の有識者が執行状況を点検するもの,1年,内閣府,,PDF,コメント結果,http://www.cao.go.jp/yosan/pdf/comment_25.pdf
予算_平成27年度,会計課,会計課,予算関連資料,1年,外務省,平成27年度外務省所管一般会計歳出予算各目明細書,PDF,平成27年度外務省所管一般会計歳出予算各目明細書（PDF）,http://www.mofa.go.jp/mofaj/files/000069552.pdf
予算_平成26年度,会計課,会計課,予算関連資料,1年,外務省,平成26年度外務省所管一般会計歳出予算各目明細書,PDF,平成26年度外務省所管一般会計歳出予算各目明細書（PDF）,http://www.mofa.go.jp/mofaj/files/000028141.pdf
予算_平成27年度,会計課,会計課,予算関連資料,1年,外務省,平成27年度外務省所管一般会計歳出予算各目明細書,PDF,平成27年度外務省所管一般会計歳出予算各目明細書（PDF）,http://www.mofa.go.jp/mofaj/files/000069552.pdf
予算_平成26年度,会計課,会計課,予算関連資料,1年,外務省,平成26年度外務省所管一般会計歳出予算各目明細書,PDF,平成26年度外務省所管一般会計歳出予算各目明細書（PDF）,http://www.mofa.go.jp/mofaj/files/000028141.pdf
予算_平成29年度,会計課,会計課,予算関連資料,,外務省,平成29年度外務省所管予算概算要求の概要（PDF）,PDF,平成29年度外務省所管予算概算要求の概要（PDF）,http://www.mofa.go.jp/mofaj/files/000184492.pdf
予算_平成28年度,会計課,会計課,予算関連資料,,外務省,平成28年度外務省所管補正予算（第3号）（PDF）,PDF,平成28年度外務省所管補正予算（第3号）（PDF）,http://www.mofa.go.jp/mofaj/files/000213723.pdf
予算_平成28年度,会計課,会計課,予算関連資料,,外務省,平成28年度外務省所管一般会計歳出予算補正（第2号）各目明細書（PDF）,PDF,平成28年度外務省所管一般会計歳出予算補正（第2号）各目明細書（PDF）,http://www.mofa.go.jp/mofaj/files/000195345.pdf
予算_平成28年度,会計課,会計課,予算関連資料,,外務省,平成28年度外務省所管補正予算（第2号）（PDF）,PDF,平成28年度外務省所管補正予算（第2号）（PDF）,http://www.mofa.go.jp/mofaj/files/000191662.pdf
予算_平成28年度,会計課,会計課,予算関連資料,,外務省,平成28年度外務省所管一般会計歳出予算各目明細書（PDF）,PDF,平成28年度外務省所管一般会計歳出予算各目明細書（PDF）,http://www.mofa.go.jp/mofaj/files/000130886.pdf
予算_平成28年度,会計課,会計課,予算関連資料,,外務省,平成28年度外務省所管予算概算要求の概要（PDF）,PDF,平成28年度外務省所管予算概算要求の概要（PDF）,http://www.mofa.go.jp/mofaj/files/000097052.pdf
予算_平成28年度,会計課,会計課,予算関連資料,,外務省,外務省における「経済・財政再生計画」に沿った取組（PDF）,PDF,外務省における「経済・財政再生計画」に沿った取組（PDF）,http://www.mofa.go.jp/mofaj/files/000121938.pdf
予算_平成27年度,会計課,会計課,予算関連資料,,外務省,平成27年度外務省所管一般会計歳出予算補正（第1号）各目明細書（PDF) ,PDF,平成27年度外務省所管一般会計歳出予算補正（第1号）各目明細書（PDF),http://www.mofa.go.jp/mofaj/files/000125723.pdf
予算_平成27年度,会計課,会計課,予算関連資料,,外務省,平成27年度外務省所管補正予算（PDF）,PDF,平成27年度外務省所管補正予算（PDF）,http://www.mofa.go.jp/mofaj/files/000119219.pdf
予算_平成27年度,会計課,会計課,予算関連資料,,外務省,平成27年度外務省所管一般会計歳出暫定予算各目明細書（PDF）,PDF,平成27年度外務省所管一般会計歳出暫定予算各目明細書（PDF）,http://www.mofa.go.jp/mofaj/files/000075950.pdf
予算_平成27年度,会計課,会計課,予算関連資料,,外務省,平成27年度外務省所管一般会計歳出予算各目明細書（PDF）,PDF,平成27年度外務省所管一般会計歳出予算各目明細書（PDF）,http://www.mofa.go.jp/mofaj/files/000069552.pdf
予算_平成27年度,会計課,会計課,予算関連資料,,外務省,平成27年度外務省所管予算概算要求の概要（PDF）,PDF,平成27年度外務省所管予算概算要求の概要（PDF）,http://www.mofa.go.jp/mofaj/files/000050188.pdf
予算_平成26年度,会計課,会計課,予算関連資料,1年,外務省,平成26年度外務省所管一般会計歳出予算補正（第1号）各目明細書（PDF) ,PDF,平成26年度外務省所管一般会計歳出予算補正（第1号）各目明細書（PDF) ,http://www.mofa.go.jp/mofaj/files/000068006.pdf
予算_平成26年度,会計課,会計課,予算関連資料,1年,外務省,平成26年度外務省所管一般会計歳出予算各目明細書（PDF）,PDF,平成26年度外務省所管一般会計歳出予算各目明細書（PDF）,http://www.mofa.go.jp/mofaj/files/000028141.pdf
予算_平成26年度,会計課,会計課,予算関連資料,1年,外務省,平成26年度外務省所管予算概算要求の概要（PDF）,PDF,平成26年度外務省所管予算概算要求の概要（PDF）,http://www.mofa.go.jp/mofaj/annai/yosan_kessan/mofa_yosan_kessan/pdfs/h26_yosan_gaiyo.pdf
予算_平成28年度,会計課,会計課,予算関連資料,１年,外務省,平成28年度外務省所管一般会計歳出予算各目明細書（PDF）,PDF,平成28年度外務省所管一般会計歳出予算各目明細書（PDF）,http://www.mofa.go.jp/mofaj/files/000130886.pdf
予算_平成25年度,会計課,会計課,予算関連資料,1年,外務省,平成25年度外務省所管一般会計歳出予算各目明細書,PDF,平成25年度外務省所管一般会計歳出予算各目明細書（PDF）,http://www.mofa.go.jp/mofaj/annai/yosan_kessan/mofa_yosan_kessan/pdfs/h25_yosan_meisai.pdf
予算_平成25年度,会計課,会計課,予算関連資料,1年,外務省,平成25年度外務省所管一般会計歳出暫定予算各目明細書,PDF,平成25年度外務省所管一般会計歳出暫定予算各目明細書（PDF）,http://www.mofa.go.jp/mofaj/annai/yosan_kessan/mofa_yosan_kessan/pdfs/h25_saisyutsu_ippan_zan.pdf
予算_平成25年度,会計課,会計課,予算関連資料,1年,外務省,平成25年度外務省所管予算概算要求の概要,PDF,平成25年度外務省所管予算概算要求の概要（PDF）,http://www.mofa.go.jp/mofaj/gaiko/yosan/25/pdfs/h25_yosan_gaiyo.pdf
予算_平成25年度,会計課,会計課,予算関連資料,1年,外務省,平成25年度外務省所管一般会計歳出予算補正（第1号）各目明細書,PDF,平成25年度外務省所管一般会計歳出予算補正（第1号）各目明細書（PDF）,http://www.mofa.go.jp/mofaj/files/000028142.pdf
