投資事項ID,年（西暦）,組織名,投資事項番号,投資事項名,投資内容,新規／継続,政策概要,業務・機能概要,投資開始年度,投資終了年度,本年度投資額,総投資額
82,2014,総務省,05-01,電子調達システムのシステム開発,各府省個別に構築された電子入札システムの府省共通化を図るとともに、契約締結に係る事務手続きを電子化するシステムを開発する。システム開発等に当たっては、｢新たな情報通信技術戦略｣(平成22年5月11日高度情報通信ネットワーク社会推進戦略本部決定)、｢旅費業務等の抜本的効率化について｣(平成22年8月6日CIO連絡会議申合せ)の政府方針に基づき、｢政府共通プラットフォーム｣上での運用を前提にシステム開発等を行う。,継続,政府調達（公共事業を除く）手続の電子化の推進・実現を図る一環として、役務、物品等の調達に係る国の内部手続を原則電子化し、事業者が入札に参加しやすい環境を整備するとともに、事務処理の迅速化・合理化を図るため、電子調達システム（府省共通）のシステム開発を行う。,政府調達業務（公共事業を除く）において、調達実施申請から、電子入札、電子契約、検査検収、請求等事務の電子化及び調達に関する統計の出力を行う。,2005,2016,243720000,2360904000
10073,2015,総務省,05-01,電子調達システムの改修,各府省個別に構築された電子入札システムの府省共通化を図るとともに、契約締結に係る事務手続きを電子化するシステムを開発する。システム開発等に当たっては、｢新たな情報通信技術戦略｣(平成22年5月11日高度情報通信ネットワーク社会推進戦略本部決定)、｢旅費業務等の抜本的効率化について｣(平成22年8月6日CIO連絡会議申合せ)の政府方針に基づき、｢政府共通プラットフォーム｣上での運用を前提にシステム開発等を行う。,継続,政府調達（公共事業を除く）手続の電子化の推進・実現を図る一環として、役務、物品等の調達に係る国の内部手続を原則電子化し、事業者が入札に参加しやすい環境の提供を行うとともに、事務処理の迅速化・合理化を図るため、電子調達システム（府省共通）のシステム改修を行う。,政府調達業務（公共事業を除く）において、調達実施申請から、電子入札、電子契約、検査検収、請求等事務の電子化及び調達に関する統計の出力を行う。,2005,2016,185510000,2308103000
10111,2015,法務省,12-02,登記情報システムの整備,現行機器等の賃貸借期間が満了することに伴い，機器構成の効率化を図り，運用経費を縮減するとともに，登記情報システムを活用したサービスの提供を受ける者に対して適正かつ効率的なサービスを提供する必要がある。そのため，平成２７年度においては，引き続きシステム更改に伴う作業支援委託及び法令改正に伴う事務処理方式の変更に対応するため，(1)商業登記法の改正に伴う仕様変更，(2)オンライン申請における補正情報を用いた登記事項等を自動で作成するための仕様変更，(3)登記識別情報及び登記完了証の作成工程を簡略化するための仕様変更，(4)マンション敷地売却制度の創設に伴う登記情報システムの機能開発等を行う。また，現在進めているシステム更改により導入した機器については，平成２９年度以降順次リース期間の満了を迎えることとなるため，平成３０年度から次のシステムへの更改を行っていく必要がある。平成３０年度から次のシステムへの更改を行うためには，設計・開発及び移行の期間を考慮すると，平成２７年度中に更改に向けた要件定義を行う必要があることから，これら作業の支援を情報通信技術に関する知識及び技能を有する者に委託する。,継続,不動産取引の安全と円滑に資する不動産登記，企業取引等の秩序の維持に資する商業・法人登記等に関する事務を処理する上で不可欠な登記情報システムの安定的な運用を図ることにより，登記所における適正かつ効率的な業務の遂行を維持するとともに，インターネットを利用した登記情報の提供や，最寄りの登記所から全国の登記事項証明書等の取得を可能とするなどの社会のニーズに対応した行政サービスを維持しつつ，更なる向上を図るため，本システムの運用・管理を適切に行うことを目的とするものである。,登記手続における申請書の受付，申請書及び添付書類の調査，登記すべき事項・内容を決定した上での登記情報システム内部での仮登録，登記の申請の受理・不受理について，登記官による最終的な審査を行い，登記事項を確定した上で，登記の実行（登記簿への登記事項の記録），登記された事項を公示するための登記事項証明書等の発行まで，一連の処理を登記情報システムを用いて電子的に処理している。,2012,2015,793867000,4573706000
10116,2015,法務省,13-02,地図情報システムの刷新等,現行の地図情報システム機器の賃貸借期間が平成２７年３月から順次満了するため，再リースを考慮しても，平成２８年度中には次期地図情報システムへのリプレースを実施する必要があるところ，リプレースに際しては，現行のクライアントサーバ型のアーキテクチャを見直し，最新の情報通信技術を活用し，Ｗｅｂ型に再構築するとともに，登記情報システムとの端末装置の共有化を図り，運用経費を縮減する予定である。このため，平成２５年度にWeb型のアーキテクチャにおいて端末の共有化を実現するための技術的検証を行い，次期地図情報システムにおいて採用する最適な処理方式についての検討を行ったところであり，平成２６年度からは検討結果を基に，具体的なプログラム設計，システムアプリケーション開発等リプレースに伴う各種作業を行う予定である。,継続,登記所に備え付けられている不動産登記法（平成１６年法律第１２３号）に定める地図及び地図に準ずる図面（以下「地図等」という。）並びに同法に定める土地所在図，地積測量図，建物図面，各階平面図及び地役権図面（以下「各種図面」という。）を電子化し，コンピュータシステム（地図情報システム）を用いて処理することにより，登記所における地図管理業務の適正かつ効率的な遂行を可能とする。また，登記記録を処理する登記情報システムと連携することで，登記情報と地図情報の一体的な処理を可能としつつ，インターネットを利用した地図等及び各種図面に係る情報の提供や，最寄りの登記所から全国の地図等及び各種図面の証明書の取得を可能にするなどして国民サービスの向上を図る。,地籍調査等の成果として提出される地図（電子データ）を新たに登録するほか，分筆登記等の表示に関する登記申請において，登記情報システムで受け付けた情報を取得し，調査を行った上，分筆線の記入等の地図の編集や提出された各種図面を新たに登録するなどコンピュータシステムにより事務処理を行う。加えて，登録・管理している地図等及び各種図面について，登記情報システム，登記・供託オンライン申請システム及び登記情報提供システムと連携することでインターネットによる情報の公開を行うなど行政サービスの向上に資するものである。,2013,2017,2080702000,5550585000
20097,2016,総務省,05-01,電子調達システムの改修,各府省個別に構築された電子入札システムの府省共通化を図るとともに、契約締結に係る事務手続きを電子化するシステムを開発する。システム開発等に当たっては、｢新たな情報通信技術戦略｣(平成22年5月11日高度情報通信ネットワーク社会推進戦略本部決定)、｢旅費業務等の抜本的効率化について｣(平成22年8月6日CIO連絡会議申合せ)の政府方針に基づき、｢政府共通プラットフォーム｣上での運用を前提にシステム開発等を行う。,継続,政府調達（公共事業を除く）手続の電子化の推進・実現を図る一環として、役務、物品等の調達に係る国の内部手続を原則電子化し、事業者が入札に参加しやすい環境の提供を行うとともに、事務処理の迅速化・合理化を図るため、電子調達システム（府省共通）のシステム改修を行う。,政府調達業務（公共事業を除く）において、調達実施申請から、電子入札、電子契約、検査検収、請求等事務の電子化及び調達に関する統計の出力を行う。,2005,2017,216760000,2323792000
20125,2016,法務省,13-02,地図情報システムの刷新等,現行の地図情報システム機器の賃貸借期間が平成２７年３月から順次満了するため，再リースを考慮しても，平成２８年度中には次期地図情報システムへのリプレースを実施する必要があるところ，リプレースに際しては，現行のクライアントサーバ型のアーキテクチャを見直し，最新の情報通信技術を活用し，Ｗｅｂ型に再構築するとともに，登記情報システムとの端末装置の共有化を図り，運用経費を縮減する予定である。このため，平成２５年度にWeb型のアーキテクチャにおいて端末の共有化を実現するための技術的検証を行い，次期地図情報システムにおいて採用する最適な処理方式についての検討を行ったところであり，平成２６年度は検討結果を基に，具体的なプログラム設計，システムアプリケーション開発等を行った。平成２７年度は，引き続き詳細設計・開発を行うほか，次期地図情報システム機器等を導入して各種テストを実施し，平成２８年度にはデータ移行等システム切替えに係る各種作業を行う予定である。,継続,登記所に備え付けられている不動産登記法（平成１６年法律第１２３号）に定める地図及び地図に準ずる図面（以下「地図等」という。）並びに同法に定める土地所在図，地積測量図，建物図面，各階平面図及び地役権図面（以下「各種図面」という。）を電子化し，コンピュータシステム（地図情報システム）を用いて処理することにより，登記所における地図管理業務の適正かつ効率的な遂行を可能とする。また，登記記録を処理する登記情報システムと連携することで，登記情報と地図情報の一体的な処理を可能としつつ，インターネットを利用した地図等及び各種図面に係る情報の提供や，最寄りの登記所から全国の地図等及び各種図面の証明書の取得を可能にするなどして国民サービスの向上を図る。,地籍調査等の成果として提出される地図（電子データ）を新たに登録するほか，分筆登記等の表示に関する登記申請において，登記情報システムで受け付けた情報を取得し，調査を行った上，分筆線の記入等の地図の編集や提出された各種図面を新たに登録するなどコンピュータシステムにより事務処理を行う。加えて，登録・管理している地図等及び各種図面について，登記情報システム，登記・供託オンライン申請システム及び登記情報提供システムと連携することでインターネットによる情報の公開を行うなど行政サービスの向上に資するものである。,2013,2016,1200287000,5529056000
20295,2016,厚生労働省,16-04,免許登録管理システム等統合、PF移行,「新たな情報通信技術戦略（平成22年5月11日高度情報通信ネットワーク社会推進戦略本部決定）」に基づき、類似した業務で利用しているシステム（医政局：医師等資格確認検索システム/免許登録管理システム、医薬・生活衛生局：薬剤師名簿登録管理・検索システム）をアプリケーション層から統合するとともに、政府共通プラットフォームが提供する機器、ミドルウェア及び施設を利用することで、システム基盤も共通化する。,新規,□医政局医師他13職種（歯科医師、保健師、助産師、看護師、診療放射線技師、臨床検査技師、衛生検査技師、理学療法士、作業療法士、視能訓練士、歯科技工士、臨床工学技士、義肢装具士）に係る医療従事者の籍登録・訂正・抹消、免許証及び再教育研修修了登録証の交付等を実施する。また、医師法第30条の2及び歯科医師法第28条の2に基づき、医療・歯科医療を受ける者その他国民による資格の確認及び医療・歯科医療に関する適切な選択に資するよう、医師及び歯科医師の氏名等を公表する。□医薬・生活衛生局薬剤師法第6条に基づき、薬剤師の籍登録・訂正・抹消、免許証及び再教育研修修了登録証の交付等を実施する。また、薬剤師法第28条の2に基づき、医療を受ける者その他国民による資格の確認及び医療に関する適切な選択に資するよう、薬剤師の氏名等を公表する。,□医政局医師他13職種（歯科医師、保健師、助産師、看護師、診療放射線技師、臨床検査技師、衛生検査技師、理学療法士、作業療法士、視能訓練士、歯科技工士、臨床工学技士、義肢装具士）に係る医療従事者の籍簿管理（籍登録・訂正・抹消、届出登録、行政処分登録等）、免許証及び再教育研修修了登録証の交付（印刷用データ作成等）、統計資料作成（検索、集計）、情報公開（医師、歯科医師の氏名等）等、免許登録に係る一連の事務を処理している。□医薬・生活衛生局薬剤師の籍簿管理（籍登録・訂正・抹消、届出登録、行政処分登録等）、免許証及び再教育研修修了登録証の交付（印刷用データ作成等）、統計資料作成（検索、集計）、情報公開（薬剤師の氏名等）等、薬剤師の免許登録に係る一連の事務を処理している。,2016,2016,179842000,179842000
