投資事項ID,組織名,投資事項名,投資内訳_年（西暦）,投資内訳_費目,投資内訳_投資額
82,総務省,電子調達システムのシステム開発,2011,調査研究等経費,299999000
82,総務省,電子調達システムのシステム開発,2011,設計経費,209786000
82,総務省,電子調達システムのシステム開発,2011,プロジェクト管理支援経費,30156000
82,総務省,電子調達システムのシステム開発,2012,設計経費,267623000
82,総務省,電子調達システムのシステム開発,2012,開発経費,357386000
82,総務省,電子調達システムのシステム開発,2012,プロジェクト管理支援経費,67872000
82,総務省,電子調達システムのシステム開発,2012,施設設備等経費,1026000
82,総務省,電子調達システムのシステム開発,2013,設計経費,21926000
82,総務省,電子調達システムのシステム開発,2013,開発経費,9978000
82,総務省,電子調達システムのシステム開発,2013,テスト経費,305145000
82,総務省,電子調達システムのシステム開発,2013,移行経費,1793000
82,総務省,電子調達システムのシステム開発,2013,プロジェクト管理支援経費,67872000
82,総務省,電子調達システムのシステム開発,2014,設計経費,93945000
82,総務省,電子調達システムのシステム開発,2014,開発経費,46653000
82,総務省,電子調達システムのシステム開発,2014,テスト経費,97722000
82,総務省,電子調達システムのシステム開発,2014,移行経費,5400000
82,総務省,電子調達システムのシステム開発,2015,設計経費,93895000
82,総務省,電子調達システムのシステム開発,2015,開発経費,46709000
82,総務省,電子調達システムのシステム開発,2015,テスト経費,97707000
82,総務省,電子調達システムのシステム開発,2016,設計経費,93895000
82,総務省,電子調達システムのシステム開発,2016,開発経費,46709000
82,総務省,電子調達システムのシステム開発,2016,テスト経費,97707000
10073,総務省,電子調達システムの改修,2011,調査研究等経費,299999000
10073,総務省,電子調達システムの改修,2011,設計経費,209786000
10073,総務省,電子調達システムの改修,2011,プロジェクト管理支援経費,30156000
10073,総務省,電子調達システムの改修,2012,設計経費,267623000
10073,総務省,電子調達システムの改修,2012,開発経費,357386000
10073,総務省,電子調達システムの改修,2012,プロジェクト管理支援経費,67872000
10073,総務省,電子調達システムの改修,2012,施設設備等経費,1026000
10073,総務省,電子調達システムの改修,2013,設計経費,21926000
10073,総務省,電子調達システムの改修,2013,開発経費,9978000
10073,総務省,電子調達システムの改修,2013,テスト経費,305145000
10073,総務省,電子調達システムの改修,2013,移行経費,1793000
10073,総務省,電子調達システムの改修,2013,プロジェクト管理支援経費,67872000
10073,総務省,電子調達システムの改修,2014,設計経費,93945000
10073,総務省,電子調達システムの改修,2014,開発経費,46653000
10073,総務省,電子調達システムの改修,2014,テスト経費,97722000
10073,総務省,電子調達システムの改修,2014,移行経費,5400000
10073,総務省,電子調達システムの改修,2015,設計経費,72513000
10073,総務省,電子調達システムの改修,2015,開発経費,51538000
10073,総務省,電子調達システムの改修,2015,据付調整経費,1460000
10073,総務省,電子調達システムの改修,2015,テスト経費,59999000
10073,総務省,電子調達システムの改修,2016,設計経費,93895000
10073,総務省,電子調達システムの改修,2016,開発経費,46709000
10073,総務省,電子調達システムの改修,2016,テスト経費,97707000
10111,法務省,登記情報システムの整備,2012,設計経費,355263000
10111,法務省,登記情報システムの整備,2012,開発経費,196529000
10111,法務省,登記情報システムの整備,2012,据付調整経費,222866000
10111,法務省,登記情報システムの整備,2012,テスト経費,204087000
10111,法務省,登記情報システムの整備,2012,移行経費,15871000
10111,法務省,登記情報システムの整備,2012,廃棄経費,53000
10111,法務省,登記情報システムの整備,2012,施設設備等経費,47776000
10111,法務省,登記情報システムの整備,2013,設計経費,161541000
10111,法務省,登記情報システムの整備,2013,開発経費,80770000
10111,法務省,登記情報システムの整備,2013,テスト経費,83876000
10111,法務省,登記情報システムの整備,2013,移行経費,682648000
10111,法務省,登記情報システムの整備,2013,施設設備等経費,10203000
10111,法務省,登記情報システムの整備,2014,調査研究等経費,53562000
10111,法務省,登記情報システムの整備,2014,設計経費,191812000
10111,法務省,登記情報システムの整備,2014,開発経費,250583000
10111,法務省,登記情報システムの整備,2014,据付調整経費,253000
10111,法務省,登記情報システムの整備,2014,テスト経費,171606000
10111,法務省,登記情報システムの整備,2014,移行経費,955802000
10111,法務省,登記情報システムの整備,2014,その他整備経費,94738000
10111,法務省,登記情報システムの整備,2015,調査研究等経費,385923000
10111,法務省,登記情報システムの整備,2015,設計経費,47674000
10111,法務省,登記情報システムの整備,2015,開発経費,91370000
10111,法務省,登記情報システムの整備,2015,テスト経費,84998000
10111,法務省,登記情報システムの整備,2015,その他整備経費,183902000
10116,法務省,地図情報システムの刷新等,2013,調査研究等経費,468836000
10116,法務省,地図情報システムの刷新等,2014,設計経費,1253366000
10116,法務省,地図情報システムの刷新等,2014,開発経費,225584000
10116,法務省,地図情報システムの刷新等,2014,テスト経費,28732000
10116,法務省,地図情報システムの刷新等,2014,移行経費,214439000
10116,法務省,地図情報システムの刷新等,2014,廃棄経費,1587000
10116,法務省,地図情報システムの刷新等,2014,プロジェクト管理支援経費,120384000
10116,法務省,地図情報システムの刷新等,2015,設計経費,32628000
10116,法務省,地図情報システムの刷新等,2015,開発経費,857129000
10116,法務省,地図情報システムの刷新等,2015,テスト経費,804081000
10116,法務省,地図情報システムの刷新等,2015,移行経費,218685000
10116,法務省,地図情報システムの刷新等,2015,プロジェクト管理支援経費,168179000
10116,法務省,地図情報システムの刷新等,2016,テスト経費,745983000
10116,法務省,地図情報システムの刷新等,2016,移行経費,143032000
10116,法務省,地図情報システムの刷新等,2016,プロジェクト管理支援経費,66345000
10116,法務省,地図情報システムの刷新等,2016,その他整備経費,97915000
10116,法務省,地図情報システムの刷新等,2017,廃棄経費,103680000
20097,総務省,電子調達システムの改修,2011,調査研究等経費,299999000
20097,総務省,電子調達システムの改修,2011,設計経費,209786000
20097,総務省,電子調達システムの改修,2011,プロジェクト管理支援経費,30156000
20097,総務省,電子調達システムの改修,2012,設計経費,267623000
20097,総務省,電子調達システムの改修,2012,開発経費,357386000
20097,総務省,電子調達システムの改修,2012,プロジェクト管理支援経費,67872000
20097,総務省,電子調達システムの改修,2012,施設設備等経費,1026000
20097,総務省,電子調達システムの改修,2013,設計経費,21926000
20097,総務省,電子調達システムの改修,2013,開発経費,9978000
20097,総務省,電子調達システムの改修,2013,テスト経費,305145000
20097,総務省,電子調達システムの改修,2013,移行経費,1793000
20097,総務省,電子調達システムの改修,2013,プロジェクト管理支援経費,67872000
20097,総務省,電子調達システムの改修,2014,設計経費,93945000
20097,総務省,電子調達システムの改修,2014,開発経費,46653000
20097,総務省,電子調達システムの改修,2014,テスト経費,97722000
20097,総務省,電子調達システムの改修,2014,移行経費,5400000
20097,総務省,電子調達システムの改修,2015,設計経費,72513000
20097,総務省,電子調達システムの改修,2015,開発経費,51538000
20097,総務省,電子調達システムの改修,2015,据付調整経費,1460000
20097,総務省,電子調達システムの改修,2015,テスト経費,59999000
20097,総務省,電子調達システムの改修,2016,設計経費,89742000
20097,総務省,電子調達システムの改修,2016,開発経費,46037000
20097,総務省,電子調達システムの改修,2016,テスト経費,48900000
20097,総務省,電子調達システムの改修,2016,プロジェクト管理支援経費,32081000
20097,総務省,電子調達システムの改修,2017,テスト経費,22576000
20097,総務省,電子調達システムの改修,2017,移行経費,7236000
20097,総務省,電子調達システムの改修,2017,プロジェクト管理支援経費,7428000
20125,法務省,地図情報システムの刷新等,2013,調査研究等経費,468836000
20125,法務省,地図情報システムの刷新等,2014,設計経費,1170039000
20125,法務省,地図情報システムの刷新等,2014,開発経費,170143000
20125,法務省,地図情報システムの刷新等,2014,移行経費,241978000
20125,法務省,地図情報システムの刷新等,2014,プロジェクト管理支援経費,111212000
20125,法務省,地図情報システムの刷新等,2015,設計経費,66920000
20125,法務省,地図情報システムの刷新等,2015,開発経費,882673000
20125,法務省,地図情報システムの刷新等,2015,テスト経費,829509000
20125,法務省,地図情報システムの刷新等,2015,移行経費,218685000
20125,法務省,地図情報システムの刷新等,2015,廃棄経費,595000
20125,法務省,地図情報システムの刷新等,2015,プロジェクト管理支援経費,168179000
20125,法務省,地図情報システムの刷新等,2016,設計経費,27278000
20125,法務省,地図情報システムの刷新等,2016,開発経費,25602000
20125,法務省,地図情報システムの刷新等,2016,据付調整経費,42185000
20125,法務省,地図情報システムの刷新等,2016,テスト経費,767021000
20125,法務省,地図情報システムの刷新等,2016,移行経費,143032000
20125,法務省,地図情報システムの刷新等,2016,廃棄経費,30909000
20125,法務省,地図情報システムの刷新等,2016,プロジェクト管理支援経費,66345000
20125,法務省,地図情報システムの刷新等,2016,その他整備経費,97915000
20295,厚生労働省,免許登録管理システム等統合、PF移行,2016,設計経費,36450000
20295,厚生労働省,免許登録管理システム等統合、PF移行,2016,開発経費,49248000
20295,厚生労働省,免許登録管理システム等統合、PF移行,2016,テスト経費,36288000
20295,厚生労働省,免許登録管理システム等統合、PF移行,2016,移行経費,21060000
20295,厚生労働省,免許登録管理システム等統合、PF移行,2016,プロジェクト管理支援経費,28350000
20295,厚生労働省,免許登録管理システム等統合、PF移行,2016,ソフトウェア買取経費,8446000
