データセット_件名,データセット_公表組織名,データセット_連絡先,データセット_作成者,データセット_説明,データセット_作成頻度,リソース_リソース名,リソース_データ型,リソース_説明,リソース_URL
消費者白書_平成26年版,消費者調査課,消費者調査課,消費者白書_平成26年版,1年,消費者庁,（1）情報通信技術（ICT）関連市場の進展,HTML,（1）情報通信技術（ICT）関連市場の進展,http://www.caa.go.jp/information/hakusyo/2014/honbun_1_2_1_1.html
平成13年版労働経済白書（労働経済の分析）,政策統括官付労働政策担当参事官室,政策統括官付労働政策担当参事官室,平成13年版労働経済白書は、「情報通信技術（IT）の革新と雇用」をテーマとして取り上げるとともに、前年の労働経済の動向や長期的な視点から捉えた労働経済問題の分析を掲載したものである。,1年,厚生労働省,労働経済白書 平成13年版労働経済の分析 要約版,HTML,労働経済白書 平成13年版労働経済の分析 要約版,http://www.mhlw.go.jp/wp/hakusyo/roudou/01/
平成13年版労働経済白書（労働経済の分析）,政策統括官付労働政策担当参事官室,政策統括官付労働政策担当参事官室,平成13年版労働経済白書は、「情報通信技術（IT）の革新と雇用」をテーマとして取り上げるとともに、前年の労働経済の動向や長期的な視点から捉えた労働経済問題の分析を掲載したものである。,1年,厚生労働省,前書,HTML,前書,http://www.mhlw.go.jp/wp/hakusyo/roudou/01/maegaki.html
平成13年版労働経済白書（労働経済の分析）,政策統括官付労働政策担当参事官室,政策統括官付労働政策担当参事官室,平成13年版労働経済白書は、「情報通信技術（IT）の革新と雇用」をテーマとして取り上げるとともに、前年の労働経済の動向や長期的な視点から捉えた労働経済問題の分析を掲載したものである。,1年,厚生労働省,第1節 雇用・失業情勢,HTML,第１節 雇用・失業情勢,http://www.mhlw.go.jp/wp/hakusyo/roudou/01/1-1.html
平成13年版労働経済白書（労働経済の分析）,政策統括官付労働政策担当参事官室,政策統括官付労働政策担当参事官室,平成13年版労働経済白書は、「情報通信技術（IT）の革新と雇用」をテーマとして取り上げるとともに、前年の労働経済の動向や長期的な視点から捉えた労働経済問題の分析を掲載したものである。,1年,厚生労働省,第2節 賃金、労働時間の動向,HTML,第２節 賃金、労働時間の動向,http://www.mhlw.go.jp/wp/hakusyo/roudou/01/1-2.html
平成13年版労働経済白書（労働経済の分析）,政策統括官付労働政策担当参事官室,政策統括官付労働政策担当参事官室,平成13年版労働経済白書は、「情報通信技術（IT）の革新と雇用」をテーマとして取り上げるとともに、前年の労働経済の動向や長期的な視点から捉えた労働経済問題の分析を掲載したものである。,1年,厚生労働省,第3節 物価、勤労者家計の動向,HTML,第３節 物価、勤労者家計の動向,http://www.mhlw.go.jp/wp/hakusyo/roudou/01/1-3.html
平成13年版労働経済白書（労働経済の分析）,政策統括官付労働政策担当参事官室,政策統括官付労働政策担当参事官室,平成13年版労働経済白書は、「情報通信技術（IT）の革新と雇用」をテーマとして取り上げるとともに、前年の労働経済の動向や長期的な視点から捉えた労働経済問題の分析を掲載したものである。,1年,厚生労働省,第1節 情報通信技術革新の特徴,HTML,第１節 情報通信技術革新の特徴,http://www.mhlw.go.jp/wp/hakusyo/roudou/01/2-1.html
平成13年版労働経済白書（労働経済の分析）,政策統括官付労働政策担当参事官室,政策統括官付労働政策担当参事官室,平成13年版労働経済白書は、「情報通信技術（IT）の革新と雇用」をテーマとして取り上げるとともに、前年の労働経済の動向や長期的な視点から捉えた労働経済問題の分析を掲載したものである。,1年,厚生労働省,第2節 アメリカにおける情報通信技術革新と雇用,HTML,第２節 アメリカにおける情報通信技術革新と雇用,http://www.mhlw.go.jp/wp/hakusyo/roudou/01/2-2.html
平成13年版労働経済白書（労働経済の分析）,政策統括官付労働政策担当参事官室,政策統括官付労働政策担当参事官室,平成13年版労働経済白書は、「情報通信技術（IT）の革新と雇用」をテーマとして取り上げるとともに、前年の労働経済の動向や長期的な視点から捉えた労働経済問題の分析を掲載したものである。,1年,厚生労働省,第3節 情報通信技術革新の雇用量への影響,HTML,第３節 情報通信技術革新の雇用量への影響,http://www.mhlw.go.jp/wp/hakusyo/roudou/01/2-3.html
平成13年版労働経済白書（労働経済の分析）,政策統括官付労働政策担当参事官室,政策統括官付労働政策担当参事官室,平成13年版労働経済白書は、「情報通信技術（IT）の革新と雇用」をテーマとして取り上げるとともに、前年の労働経済の動向や長期的な視点から捉えた労働経済問題の分析を掲載したものである。,1年,厚生労働省,第4節 情報通信技術革新による仕事の変化,HTML,第４節 情報通信技術革新による仕事の変化,http://www.mhlw.go.jp/wp/hakusyo/roudou/01/2-4.html
平成13年版労働経済白書（労働経済の分析）,政策統括官付労働政策担当参事官室,政策統括官付労働政策担当参事官室,平成13年版労働経済白書は、「情報通信技術（IT）の革新と雇用」をテーマとして取り上げるとともに、前年の労働経済の動向や長期的な視点から捉えた労働経済問題の分析を掲載したものである。,1年,厚生労働省,第5節 情報通信技術革新に対応した人材育成,HTML,第５節 情報通信技術革新に対応した人材育成,http://www.mhlw.go.jp/wp/hakusyo/roudou/01/2-5.html
平成13年版労働経済白書（労働経済の分析）,政策統括官付労働政策担当参事官室,政策統括官付労働政策担当参事官室,平成13年版労働経済白書は、「情報通信技術（IT）の革新と雇用」をテーマとして取り上げるとともに、前年の労働経済の動向や長期的な視点から捉えた労働経済問題の分析を掲載したものである。,1年,厚生労働省,第6節 情報通信技術革新に伴う雇用・就業形態の多様化,HTML,第６節 情報通信技術革新に伴う雇用・就業形態の多様化,http://www.mhlw.go.jp/wp/hakusyo/roudou/01/2-6.html
平成13年版労働経済白書（労働経済の分析）,政策統括官付労働政策担当参事官室,政策統括官付労働政策担当参事官室,平成13年版労働経済白書は、「情報通信技術（IT）の革新と雇用」をテーマとして取り上げるとともに、前年の労働経済の動向や長期的な視点から捉えた労働経済問題の分析を掲載したものである。,1年,厚生労働省,第7節 情報通信技術革新が進む中での労働市場のあり方,HTML,第７節 情報通信技術革新が進む中での労働市場のあり方,http://www.mhlw.go.jp/wp/hakusyo/roudou/01/2-7.html
平成13年版労働経済白書（労働経済の分析）,政策統括官付労働政策担当参事官室,政策統括官付労働政策担当参事官室,平成13年版労働経済白書は、「情報通信技術（IT）の革新と雇用」をテーマとして取り上げるとともに、前年の労働経済の動向や長期的な視点から捉えた労働経済問題の分析を掲載したものである。,1年,厚生労働省,コラム,HTML,コラム,http://www.mhlw.go.jp/wp/hakusyo/roudou/01/column.html
生涯学習施策に関する調査研究_平成24年度_デジタルコンテンツの質の保証に関する調査研究,,,教育・学習の推進にあたっては、時間的・地理的制約を超えるとともに、双方向性の特徴を有するICT（情報通信技術）を効果的かつ効率的に活用することが有効であることから、デジタルコンテンツの質の保証や普及・奨励を図るための仕組みを構築することにより、人々が生涯にわたりあらゆる機会にあらゆる場所において、自己の教育・学習ニーズに合致したデジタルコンテンツを活用できる環境を実現（eラーニング等、ICTを活用した教育・学習の推進）することを目的とする。,更新しない,文部科学省,,PDF,デジタルコンテンツの質の保証に関する調査研究,http://www.mext.go.jp/component/a_menu/education/detail/__icsFiles/afieldfile/2014/01/27/1339969_7.pdf
水産白書 平成14年度,水産庁,水産庁,水産基本法（平成13年法律第89号）第10条第1項の規定に基づき、平成14年度の水産の動向及び講じた施策並びに同条第2項の規定に基づく平成15年度に講じようとする水産施策について報告を行う文書。,1年,農林水産省,情報通信技術(IT)関連の取組 ,HTML,  (4) 情報通信技術(IT)関連の取組,http://www.maff.go.jp/hakusyo/sui/h14/html/SB2.5.4.htm
水産白書 平成15年度,水産庁,水産庁,水産基本法（平成13年法律第89号）第10条第1項の規定に基づき、平成15年度の水産の動向及び講じた施策並びに同条第2項の規定に基づく平成16年度に講じようとする水産施策について報告を行う文書。,1年,農林水産省,情報通信技術(IT)関連の取組,HTML,  (5)情報通信技術(IT)関連の取組,http://www.maff.go.jp/hakusyo/sui/h15/html/SB2.5.5.htm
水産白書 平成16年度,水産庁,水産庁,水産基本法（平成13年法律第89号）第10条第1項の規定に基づき、平成16年度の水産の動向及び講じた施策並びに同条第2項の規定に基づく平成17年度に講じようとする水産施策について報告を行う文書。,1年,農林水産省,情報通信技術(IT)関連の取組,HTML,(4)情報通信技術(IT)関連の取組,http://www.maff.go.jp/hakusyo/sui/h16/html/sb2.5.4.htm
水産白書 平成17年度,水産庁,水産庁,水産基本法（平成13年法律第89号）第10条第1項の規定に基づき、平成17年度の水産の動向及び講じた施策並びに同条第2項の規定に基づく平成18年度に講じようとする水産施策について報告を行う文書。,1年,農林水産省,情報通信技術（IT）関連の取組,HTML,（４）情報通信技術（IT）関連の取組,http://www.maff.go.jp/hakusyo/sui/h17/s2_5_4.htm
消費者白書_平成28年版,消費者調査課,消費者調査課,消費者白書_平成28年版,1年,消費者庁,第2部 第3章 第3節 情報通信技術の進展に対応した取引の適正化,HTML,第2部 第3章 第3節 情報通信技術の進展に対応した取引の適正化,http://www.caa.go.jp/policies/policy/consumer_research/white_paper/2016/white_paper_213.html
オープンデータ100,情報通信技術(IT)総合戦略室,情報通信技術(IT)総合戦略室,情報通信技術(IT)総合戦略室がオープンデータの普及・啓発を目的として、いろいろな事業者や地方公共団体等によるオープンデータの利活用事例を公開していく取組みです。,不定期,内閣官房,オープンデータ100事例資料を一つのファイルにまとめた資料です。,PDF,オープンデータ100事例資料（一括ダウンロード）,https://cio.go.jp/sites/default/files/uploads/documents/od100_cases_all.pdf
平成26年度経済連携促進のための産業高度化事業（タイにおけるIT活用によるビル、オフィス等の省エネに係るセミナー）報告書,商務情報政策局情報通信機器課,商務情報政策局情報通信機器課,日・タイ経済連携協定の「協力の分野」である「情報通信技術科学技術」「エネルギー及び環境」分野における協力関係を深めることを目的とし、電子情報技術産業協会はタイにおいて、IT活用によるビルやオフィスの省エネに係るセミナーを実施した。本報告書はその内容をとりまとめたものである。,,経済産業省,日・タイ経済連携協定の「協力の分野」である「情報通信技術科学技術」「エネルギー及び環境」分野における協力関係を深めることを目的とし、電子情報技術産業協会はタイにおいて、IT活用によるビルやオフィスの省エネに係るセミナーを実施した。本報告書はその内容をとりまとめたものである。,PDF,平成26年度経済連携促進のための産業高度化事業（タイにおけるIT活用によるビル、オフィス等の省エネに係るセミナー）報告書,http://www.meti.go.jp/meti_lib/report/2015fy/000178.pdf
