10,2014,法務省,65,出入国審査システムの維持・管理,開始年度:－終了年度：未定,入国管理局,総務課,一般会計東日本大震災復興特別会計,出入国の公正な管理V-12-(1)出入国の公正な管理,出入国管理及び難民認定法,・「日本再興戦略」改訂２０１４（平成26年6月24日）・観光立国実現に向けたアクション・プログラム２０１４（平成26年6月17日）・「世界一安全な国日本」創造戦略（平成25年12月10日）,観光立国海洋政策国土強靱化,・出入国審査システムは日本人については，出帰国手続を担い，その履歴情報をデータ管理するとともに，外国人については，基幹システムである外国人出入国情報システムと連携することにより，入国管理局の主要業務である出入国審査，在留審査，退去強制手続等において必要となる情報をデータ管理し，それらの出入国管理業務を正確かつ迅速に処理し，円滑・適正な出入国管理行政の運営を確保することを目的とする。・出入国管理行政をより円滑に実施するためにシステムを構築・運用しているところ，本事業は，外国人出入国情報システム及びバイオメトリクスシステムを除く，その他システムの維持・管理に焦点を当てたものである。,日本人の出帰国手続のデータ管理システム（日本人出帰国審査システム），並びに中長期在留外国人に係る在留カードを発行するシステム（在留カード等発行システム），中長期在留外国人が所属機関や身分関係について変更が生じた場合にインターネットを利用して法務大臣に届け出るシステム（電子届出システム），退去強制手続等の外国人の指紋及び顔画像データ管理システム（指紋情報システム），海港における乗員上陸許可に係る電子手続の管理システム（乗員上陸許可支援システム）及び乗員・乗客情報を当局が保有する要注意人物リストと照合するシステム（事前旅客情報システム）の運用。,直接実施委託・請負,http://www.moj.go.jp/content/000126565.xls
28,2015,法務省,62,出入国審査システムの維持・管理,不明～終了予定なし,入国管理局,総務課,一般会計、東日本大震災復興特別会計,出入国の公正な管理Ｖ－１２－（１）出入国の公正な管理,出入国管理及び難民認定法,・日本再興戦略改訂2015（平成27年6月30日）・観光立国実現に向けたアクション・プログラム2015（平成27年6月5日）・「世界一安全な国日本」創造戦略（平成25年12月10日）,観光立国,・出入国審査システムは日本人については，出帰国手続を担い，その履歴情報をデータ管理するとともに，外国人については，基幹システムである外国人出入国情報システムと連携することにより，入国管理局の主要業務である出入国審査，在留審査，退去強制手続等において必要となる情報をデータ管理し，それらの出入国管理業務を正確かつ迅速に処理し，もって，円滑・適正な出入国管理行政に資することを目的とする。・出入国管理行政をより円滑に実施するためにシステムを構築・運用しているところ，本事業は，外国人出入国情報システム及びバイオメトリクスシステムを除く，その他システムの維持・管理に焦点を当てたものである。,日本人の出帰国手続のデータ管理システム（日本人出帰国審査システム）並びに中長期在留外国人に係る在留カードを発行するシステム（在留カード等発行システム），中長期在留外国人が所属機関や身分関係について変更が生じた場合にインターネットを利用して法務大臣に届け出るシステム（電子届出システム），退去強制手続等の外国人の指紋及び顔画像データ管理システム（指紋情報システム），海港における乗員上陸許可に係る電子手続の管理システム（乗員上陸許可支援システム）及び乗員・乗客情報を当局が保有する要注意人物リストと照合するシステム（事前旅客情報システム）の運用。,直接実施、委託・請負,http://www.moj.go.jp/content/001151372.pdf
51,2015,法務省,44,登記情報提供システムの維持管理,平成１２年度～終了予定なし,民事局,総務課,一般会計,国民の財産や身分関係の保護Ⅲ-9-(1)登記事務の適正円滑な処理,電気通信回線による登記情報の提供に関する法律（平成11年法律第226号）第1条,「新たな情報通信技術戦略」（平成22年5月11日ＩＴ戦略本部決定）「電子行政推進に関する基本方針」（平成23年8月3日ＩＴ戦略本部決定）「オンライン手続の利便性向上に向けた改善方針」（平成26年4月1日各府省情報化統括責任者（ＣＩＯ）連絡会議決定）「法務省改善取組計画」（平成26年10月3日策定）,ＩＴ戦略,登記情報をより簡易かつ迅速に利用することができるよう，インターネットにより登記情報を閲覧することを可能とするサービスを提供しており，これに必要な登記情報提供システムの安定的な運用・管理を行うことにより，不動産取引・企業取引等の安全と円滑に資することを目的とする。,登記所が保有する登記情報をインターネットを通じてパソコンの画面上に表示することによって，利用者が自宅や会社に居ながらにして，最新の登記情報を確認することが可能なサービスを提供する。これにより，国民が登記情報を確認するための時間と手間が大幅に縮減される。なお，電気通信回線による登記情報の提供に関する法律（平成11年法律第226号）第3条に基づく指定法人として，一般財団法人民事法務協会が，登記情報提供業務を行っている。,直接実施、委託・請負,http://www.moj.go.jp/content/001151351.pdf
62,2016,法務省,43,登記情報提供システムの維持管理,平成１２年度～終了予定なし,民事局,総務課,一般会計,,電気通信回線による登記情報の提供に関する法律（平成11年法律第226号）第1条,「新たな情報通信技術戦略」（平成22年5月11日ＩＴ戦略本部決定）「電子行政推進に関する基本方針」（平成23年8月3日ＩＴ戦略本部決定）「オンライン手続の利便性向上に向けた改善方針」（平成26年4月1日各府省情報化統括責任者（ＣＩＯ）連絡会議決定）「法務省改善取組計画」（平成26年10月3日策定）,ＩＴ戦略,登記情報をより簡易かつ迅速に利用することができるよう，インターネットにより登記情報を閲覧することを可能とするサービスを提供しており，これに必要な登記情報提供システムの安定的な運用・管理を行うことにより，不動産取引・企業取引等の安全と円滑に資することを目的とする。,登記所が保有する登記情報をインターネットを通じてパソコンの画面上に表示することによって，利用者が自宅や会社に居ながらにして，最新の登記情報を確認することが可能なサービスを提供する。これにより，国民が登記情報を確認するための時間と手間が大幅に縮減される。なお，電気通信回線による登記情報の提供に関する法律（平成11年法律第226号）第3条に基づく指定法人として，一般財団法人民事法務協会が，登記情報提供業務を行っている。,直接実施、委託・請負,http://www.moj.go.jp/content/001202990.pdf
64,2016,法務省,61,出入国審査システムの維持・管理,不明～終了予定なし,入国管理局,総務課,一般会計,,出入国管理及び難民認定法,・日本再興戦略2016・観光ビジョン実現プログラム2016・「世界一安全な日本」創造戦略,観光立国,出入国管理行政をより円滑に実施するために出入国審査システムを構築・運用しているところ，当該システムでは日本人の出帰国手続を担い，その履歴情報をデータ管理するとともに，入国管理局の主要業務である外国人の出入国審査，在留審査，退去強制手続等において必要となる情報をデータ管理し，それらの出入国管理業務を正確かつ迅速に処理し，もって，円滑・適正な出入国管理行政に資することを目的としている。本事業は，出入国審査システムのうち外国人出入国情報システム及びバイオメトリクスシステムを除く，その他システムの運用に焦点を当てたものである。,日本人の出帰国手続のデータ管理システム（日本人出帰国審査システム），中長期在留外国人に係る在留カードを発行するシステム（在留カード等発行システム）及び中長期在留外国人が所属機関や身分関係について変更が生じた場合にインターネットを利用して法務大臣に届け出るシステム（電子届出システム）並びに退去強制手続等の外国人の指紋及び顔画像データ管理システム（指紋情報システム），海港における乗員上陸許可に係る電子手続の管理システム（乗員上陸許可支援システム）及び乗員・乗客情報を当局が保有する要注意人物リストと照合するシステム（事前旅客情報システム）の運用。,直接実施、委託・請負,http://www.moj.go.jp/content/001203010.pdf
