18,2014,財務省,4,官庁会計システム(歳入金電子納付システムを含む),事業開始：昭和５２年度終了（予定）：なし,会計センター,管理運用部,一般会計,1-3予算執行の透明性の向上・適正な予算執行の確保,－（参考）財務省組織令第６８条,①予算・決算業務の業務・システム最適化計画（平成18年3月31日各府省情報化統括責任者(CIO)連絡会議決定）②ｅ－Ｊａｐａｎ重点計画（平成13年3月29日ＩＴ戦略本部決定）,IT戦略,①官庁会計システムは、国（全府省を対象）の会計事務における各種会計情報(予算の執行から決算の過程まで)を電子化し、統一的に処理することにより、会計事務の適正化・効率化を図るとともに、情報の迅速な把握により適切な財政運営に資することを目的としている。②歳入金電子納付システムは、国民や企業と行政との間の申請・届出等の手続に必要な手数料等の納付を、民間収納インフラを活用し、インターネット等で行えるようにすることにより、国民等の利便性の向上を図るとともに、行政運営の簡素化・効率化の向上に資することを目的としている。,①官庁会計システムは、各官署に整備される職員用パソコンと会計センターの電子計算機とを政府共通NW等で結び、国の会計事務(予算の執行から決算の過程まで)を一括集中処理するシステムであり、会計センターでは当該システムの開発及び管理・運用を行っている。②歳入金電子納付システムは、申請・届出等の手続に必要な行政手数料等がインターネット等で納付された場合、その納付の確認を行う各府省の共同利用型のシステムであり、会計センターでは当該システムの開発及び管理・運用を行っている。,直接実施,http://www.mof.go.jp/about_mof/mof_budget/review/2014/2013-004reviewsheet.xls
34,2015,財務省,3,官庁会計システム（歳入金電子納付システムを含む）,昭和５２年度～終了予定なし,会計センター,管理運用部,一般会計,1-3予算執行の透明性の向上・適正な予算執行の確保,-(参考)財務省組織令第68条,①予算・決算業務の業務・システム最適化計画（平成18年3月31日各府省情報化統括責任者(CIO)連絡会議決定）②e-Japan重点計画（平成13年3月29日ＩＴ戦略本部決定）,ＩＴ戦略,官庁会計システムは、国（全府省を対象）の会計事務における各種会計情報(予算の執行から決算の過程まで)を電子化し、統一的に処理することにより、会計事務の適正化・効率化を図ることを目的としている。また、歳入金電子納付システムは、電子申請・届出等に係る行政手数料等の電子納付を実現することにより、国民等の利便性の向上を図るとともに、行政運営の簡素化・効率化の向上に資することを目的としている。,官庁会計システムは、各官署に整備される職員用パソコンと会計センターの電子計算機とを政府共通ネットワーク等で結び、国の会計事務(予算の執行から決算の過程まで)を一括集中処理するシステムであり、会計センターでは当該システムの開発及び管理・運用を行っている。また、歳入金電子納付システムは、民間収納インフラ（マルチペイメントネットワーク）を活用し、納付の原因の確認を行うための各府省の共同利用型のシステムであり、会計センターで開発及び管理・運用を行っている。,直接実施,http://www.mof.go.jp/about_mof/mof_budget/review/2015/saishu/260003sheet.xls
41,2015,財務省,2,予算編成支援システム,平成８年度～終了予定なし,主計局,総務課主計事務管理室,一般会計,1-1重点的な予算配分を通じた財政の効率化・質的改善の推進,財務省設置法第4条第2号財務省組織令第23条第9号,①予算・決算業務の業務・システム最適化計画（以下、「最適化計画」という。）②世界最先端IT国家創造宣言,ＩＴ戦略,予算編成支援システムは、国の予算編成業務及び決算作成業務の複雑多様化、予算書・決算書等の国会への早期提出、限られた人員での事務処理等に対処するため、的確かつ迅速な情報収集及び情報提供による事務作業の改善合理化を図るとともに、更に効率性及び信頼性の高いシステムを構築することにより、国の予算編成業務、決算作成業務等の効率化・合理化を図ることを目的としている。,予算編成支援システムは、財務省主計局の端末機と各省庁で整備されるＬＡＮの利用端末機等を利用し、政府共通ＮＷ等によるネットワークにより国の予算編成作業の効率化・合理化を図るため、各省庁からの概算要求から決定までの計数管理、予算の分析及び予算書の作成国の決算作成業務の効率化を図るため、各省庁の歳入・歳出に係る決算関係データが管理されている官庁会計システム(ADAMSⅡ)等のデータを活用し、決算の分析及び決算書の作成等を行うものである。,直接実施,http://www.mof.go.jp/about_mof/mof_budget/review/2015/saishu/260002sheet.xls
67,2016,財務省,1,予算編成支援システム,平成８年度～終了予定なし,主計局,総務課主計事務管理室,一般会計,,財務省設置法第4条第2号財務省組織令第23条第9号,①予算・決算業務の業務・システム最適化計画（以下、「最適化計画」という。）②世界最先端IT国家創造宣言,ＩＴ戦略,予算編成支援システムは、国の予算編成業務及び決算作成業務の複雑多様化、予算書・決算書等の国会への早期提出、限られた人員での事務処理等に対処するため、的確かつ迅速な情報収集及び情報提供による事務作業の改善合理化を図るとともに、効率性及び信頼性の高いシステムを構築することにより、国の予算編成業務、決算作成業務等の効率化・合理化を図ることを目的としている。,予算編成支援システムは、財務省主計局の端末機と各省庁で整備されるＬＡＮの利用端末機等を利用し、政府共通ＮＷ等によるネットワークにより、・国の予算編成作業の効率化・合理化を図るため、各省庁からの概算要求から決定までの計数管理、予算の分析及び予算書の作成・国の決算作成業務の効率化を図るため、各省庁の歳入・歳出に係る決算関係データが管理されている官庁会計システム(ADAMSⅡ)等のデータを活用し、決算の分析及び決算書の作成等を行うものである。,直接実施,http://www.mof.go.jp/about_mof/mof_budget/review/2016/270001sheet.xls
68,2016,財務省,2,官庁会計システム（歳入金電子納付システムを含む）,昭和５２年度～終了予定なし,会計センター,管理運用部,一般会計,,-(参考)財務省組織令第68条,①予算・決算業務の業務・システム最適化計画（平成18年3月31日各府省情報化統括責任者(CIO)連絡会議決定）②世界最先端IT国家創造宣言（平成25年6月14日閣議決定）,ＩＴ戦略,官庁会計システムは、国（全府省を対象）の会計事務における各種会計情報(予算の執行から決算の過程まで)を電子化し、統一的に処理することにより、会計事務の適正化・効率化を図ることを目的としている。また、歳入金電子納付システムは、電子申請・届出等に係る行政手数料等の電子納付を実現することにより、国民等の利便性の向上を図るとともに、行政運営の簡素化・効率化の向上に資することを目的としている。,官庁会計システムは、各官署に整備される職員用パソコンと会計センターの電子計算機とを政府共通ネットワーク等で結び、国の会計事務(予算の執行から決算の過程まで)を一括集中処理するシステムであり、会計センターでは当該システムの開発及び管理・運用を行っている。また、歳入金電子納付システムは、民間収納インフラ（マルチペイメントネットワーク）を活用し、納付の原因の確認を行うための各府省の共同利用型のシステムであり、会計センターで開発及び管理・運用を行っている。,直接実施,http://www.mof.go.jp/about_mof/mof_budget/review/2016/27000200_zaimusho.xls
