マイナンバー制度に便乗した不正な勧誘や個人情報の取得にご注意ください！,事務局総務課,事務局総務課,内閣府のコールセンター等に情報が寄せられている、マイナンバー制度に便乗した不正な勧誘や、個人情報の取得を行おうとする電話等についての注意喚起文です。,不定期,個人情報保護委員会,内閣府のコールセンター等に情報が寄せられている、マイナンバー制度に便乗した不正な勧誘や、個人情報の取得を行おうとする電話等についての注意喚起文です。,PDF,マイナンバー制度に便乗した不正な勧誘や個人情報の取得にご注意ください！,http://www.ppc.go.jp/news/careful_information/2015110601/
マイナンバー法_条文・ガイドライン（英文）,事務局総務課,事務局総務課,マイナンバー法_条文・ガイドライン（英文）,不定期,個人情報保護委員会,マイナンバー法の条文（英訳）,PDF,Act on the Use of Numbers to Identify a Specific Individual in Administrative Procedures (legislation is covered by Cabinet Office),http://www.ppc.go.jp/files/pdf/en3.pdf
マイナンバー法_条文・ガイドライン（英文）,事務局総務課,事務局総務課,マイナンバー法_条文・ガイドライン（英文）,不定期,個人情報保護委員会,マイナンバー法ガイドラインの英訳,PDF,Specific Personal Information Protection Assessment Guidelines (April 18  2014): Tentative Translation,http://www.ppc.go.jp/files/pdf/assessment_guidelines.pdf
個人情報保護委員会パンフレット_2015年度,事務局総務課,事務局総務課,個人情報保護委員会の紹介パンフレット（英文）,不定期,個人情報保護委員会,個人情報保護委員会の紹介パンフレット（英文）（マイナンバーシステム）,PDF,Overview of the Specific Personal Information Protection Commission _ what is the number system?,http://www.ppc.go.jp/files/pdf/booklet4_en.pdf
個人情報保護委員会パンフレット_2015年度,事務局総務課,事務局総務課,個人情報保護委員会の紹介パンフレット（英文）,不定期,個人情報保護委員会,個人情報保護委員会の紹介パンフレット（英文）（マイナンバーの利用用途）,PDF,Overview of the Specific Personal Information Protection Commission _ how is the individual number used?,http://www.ppc.go.jp/files/pdf/booklet5_en.pdf
個人情報保護委員会パンフレット_2015年度,事務局総務課,事務局総務課,個人情報保護委員会の紹介パンフレット（英文）,不定期,個人情報保護委員会,個人情報保護委員会の紹介パンフレット（英文）（マイナンバーの保護）,PDF,Overview of the Specific Personal Information Protection Commission _ how to protect specific personal information?,http://www.ppc.go.jp/files/pdf/booklet6_en.pdf
注意喚起_マイナンバー関連,事務局総務課,事務局総務課,マイナンバー関連の詐欺等の不正事案に関する注意喚起（英文）,更新しない,個人情報保護委員会,マイナンバー関連の詐欺等の不正事案に関する注意喚起（英文）,PDF,Attention! Entities who use My Number DO NOT ask you for My Number by phone.,http://www.ppc.go.jp/files/pdf/20151130_Attention_My_Number.pdf
中小企業事業者の皆様へ,事務局総務課,事務局総務課,中小企業事業者の皆様への、マイナンバー（個人番号）をかたった不審なセールスに対する注意喚起文です。,更新しない,個人情報保護委員会,中小企業事業者の皆様への、マイナンバー（個人番号）をかたった不審なセールスに対する注意喚起文です。,PDF,中小企業事業者の皆様へ,http://www.ppc.go.jp/files/pdf/tyuusyouzigyousya.pdf
マイナンバー（個人番号）ヒヤリハットコーナー,事務局総務課,事務局総務課,個人情報保護委員会が、マイナンバー（個人番号）を取り扱う時の基本的な注意点（番号制度ヒヤリハット事例集）及びマイナンバー（個人番号）の取得や保管・管理の場面で、トラブルが起きそうな事例（転ばぬ先の事例集）等に関しての資料を作成しています。,不定期,個人情報保護委員会,番号制度ヒヤリハット事例集 ,PDF,番号制度ヒヤリハット事例集 ,http://www.ppc.go.jp/legal/hiyarihatto/
マイナンバー（個人番号）ヒヤリハットコーナー,事務局総務課,事務局総務課,個人情報保護委員会が、マイナンバー（個人番号）を取り扱う時の基本的な注意点（番号制度ヒヤリハット事例集）及びマイナンバー（個人番号）の取得や保管・管理の場面で、トラブルが起きそうな事例（転ばぬ先の事例集）等に関しての資料を作成しています。,不定期,個人情報保護委員会,マイナンバー（個人番号）の取得や保管の場面で、トラブルが起きそうな事例を紹介した事例集です。,PDF,転ばぬ先の事例集,http://www.ppc.go.jp/files/pdf/280414_korobanu2.pdf
マイナンバー（個人番号）ヒヤリハットコーナー,事務局総務課,事務局総務課,個人情報保護委員会が、マイナンバー（個人番号）を取り扱う時の基本的な注意点（番号制度ヒヤリハット事例集）及びマイナンバー（個人番号）の取得や保管・管理の場面で、トラブルが起きそうな事例（転ばぬ先の事例集）等に関しての資料を作成しています。,不定期,個人情報保護委員会,インターネットのウェブサイト等においてマイナンバー（個人番号）の入力を促す行為についての注意喚起文です。,PDF,インターネットのウェブサイト等においてマイナンバー（個人番号）の入力を促す行為について,http://www.ppc.go.jp/files/pdf/280210_nyuuryoku.pdf
マイナンバー（個人番号）ヒヤリハットコーナー,事務局総務課,事務局総務課,個人情報保護委員会が、マイナンバー（個人番号）を取り扱う時の基本的な注意点（番号制度ヒヤリハット事例集）及びマイナンバー（個人番号）の取得や保管・管理の場面で、トラブルが起きそうな事例（転ばぬ先の事例集）等に関しての資料を作成しています。,不定期,個人情報保護委員会,インターネット等に自らのマイナンバー（個人番号）を公表することに対する注意喚起文です。,PDF,インターネット等におけるマイナンバー（個人番号）の公表に対する注意喚起,http://www.ppc.go.jp/files/pdf/151027_chuuikanki.pdf
特定個人情報の漏えい事案等が発生した場合の対応について,事務局総務課,事務局総務課,個人情報保護委員会が、マイナンバーを含む特定個人情報の漏えい事案等が発生した場合の対応に関しての資料を作成しています。,不定期,個人情報保護委員会,特定個人情報の漏えい事案等が発生した場合の対応について（概要資料）,PDF,特定個人情報の漏えい事案等が発生した場合の対応について（概要資料）,http://www.ppc.go.jp/files/pdf/280205_tokuteikojinnjyouhounorouei-gaiyou.pdf
特定個人情報の漏えい事案等が発生した場合の対応について,事務局総務課,事務局総務課,個人情報保護委員会が、マイナンバーを含む特定個人情報の漏えい事案等が発生した場合の対応に関しての資料を作成しています。,不定期,個人情報保護委員会,個人番号の取扱い及び漏えい事案等が発生した場合の対応等（事業者向けリーフレット） ,PDF,個人番号の取扱い及び漏えい事案等が発生した場合の対応等（事業者向けリーフレット） ,http://www.ppc.go.jp/files/pdf/280401_kojinnbanngounotoriatsukai-leaflet.pdf
特定個人情報の漏えい事案等が発生した場合の対応について,事務局総務課,事務局総務課,個人情報保護委員会が、マイナンバーを含む特定個人情報の漏えい事案等が発生した場合の対応に関しての資料を作成しています。,不定期,個人情報保護委員会,特定個人情報の漏えいその他の特定個人情報の安全の確保に係る重大な事態の報告に関する規則 ,PDF,特定個人情報の漏えいその他の特定個人情報の安全の確保に係る重大な事態の報告に関する規則 ,http://www.ppc.go.jp/files/pdf/271225_houkoku_kisoku.pdf
特定個人情報の漏えい事案等が発生した場合の対応について,事務局総務課,事務局総務課,個人情報保護委員会が、マイナンバーを含む特定個人情報の漏えい事案等が発生した場合の対応に関しての資料を作成しています。,不定期,個人情報保護委員会,個人情報保護委員会への報告のフロー,PDF,個人情報保護委員会への報告のフロー,http://www.ppc.go.jp/files/pdf/271225_houkoku_flow.pdf
特定個人情報の漏えい事案等が発生した場合の対応について,事務局総務課,事務局総務課,個人情報保護委員会が、マイナンバーを含む特定個人情報の漏えい事案等が発生した場合の対応に関しての資料を作成しています。,不定期,個人情報保護委員会,特定個人情報の漏えい事案等が発生した場合の対応におけるＱ＆Ａ,PDF,特定個人情報の漏えい事案等が発生した場合の対応におけるＱ＆Ａ,http://www.ppc.go.jp/files/pdf/271225_rouei_qa.pdf
特定個人情報の漏えい事案等が発生した場合の対応について,事務局総務課,事務局総務課,個人情報保護委員会が、マイナンバーを含む特定個人情報の漏えい事案等が発生した場合の対応に関しての資料を作成しています。,不定期,個人情報保護委員会,行政機関における特定個人情報の漏えい事案等が発生した場合の対応について,PDF,行政機関における特定個人情報の漏えい事案等が発生した場合の対応について,http://www.ppc.go.jp/files/pdf/271225_rouei_taiou.pdf
特定個人情報の漏えい事案等が発生した場合の対応について,事務局総務課,事務局総務課,個人情報保護委員会が、マイナンバーを含む特定個人情報の漏えい事案等が発生した場合の対応に関しての資料を作成しています。,不定期,個人情報保護委員会,独立行政法人等及び地方公共団体等における特定個人情報の漏えい事案等が発生した場合の対応について,PDF,独立行政法人等及び地方公共団体等における特定個人情報の漏えい事案等が発生した場合の対応について,http://www.ppc.go.jp/files/pdf/271225_doppou_chikoutai_roueitaiou.pdf
特定個人情報の漏えい事案等が発生した場合の対応について,事務局総務課,事務局総務課,個人情報保護委員会が、マイナンバーを含む特定個人情報の漏えい事案等が発生した場合の対応に関しての資料を作成しています。,不定期,個人情報保護委員会,行政機関又は独立行政法人等及び地方公共団体等における特定個人情報の漏えい事案等の報告様式,DOC,行政機関又は独立行政法人等及び地方公共団体等における特定個人情報の漏えい事案等の報告様式（word形式）,http://www.ppc.go.jp/files/doc/271225_gyouseikikann-doppou_houkokuyousiki.doc
特定個人情報の漏えい事案等が発生した場合の対応について,事務局総務課,事務局総務課,個人情報保護委員会が、マイナンバーを含む特定個人情報の漏えい事案等が発生した場合の対応に関しての資料を作成しています。,不定期,個人情報保護委員会,行政機関又は独立行政法人等及び地方公共団体等における特定個人情報の漏えい事案等の報告様式,PDF,行政機関又は独立行政法人等及び地方公共団体等における特定個人情報の漏えい事案等の報告様式（pdf形式）,http://www.ppc.go.jp/files/pdf/271225_gyouseikikann-doppou_houkokuyousiki.pdf
特定個人情報の漏えい事案等が発生した場合の対応について,事務局総務課,事務局総務課,個人情報保護委員会が、マイナンバーを含む特定個人情報の漏えい事案等が発生した場合の対応に関しての資料を作成しています。,不定期,個人情報保護委員会,事業者における特定個人情報の漏えい事案等が発生した場合の対応について,PDF,事業者における特定個人情報の漏えい事案等が発生した場合の対応について,http://www.ppc.go.jp/files/pdf/271225_jigyousya_roueitaiou.pdf
特定個人情報の漏えい事案等が発生した場合の対応について,事務局総務課,事務局総務課,個人情報保護委員会が、マイナンバーを含む特定個人情報の漏えい事案等が発生した場合の対応に関しての資料を作成しています。,不定期,個人情報保護委員会,事業者における特定個人情報の漏えい事案等の報告様式,DOC,事業者における特定個人情報の漏えい事案等の報告様式（word形式）,http://www.ppc.go.jp/files/doc/271225_jigyousya_houkokuyousiki.doc
特定個人情報の漏えい事案等が発生した場合の対応について,事務局総務課,事務局総務課,個人情報保護委員会が、マイナンバーを含む特定個人情報の漏えい事案等が発生した場合の対応に関しての資料を作成しています。,不定期,個人情報保護委員会,事業者における特定個人情報の漏えい事案等の報告様式,PDF,事業者における特定個人情報の漏えい事案等の報告様式（pdf形式）,http://www.ppc.go.jp/files/pdf/271225_jigyousya_houkokuyousiki.pdf
特定個人情報の漏えい事案等が発生した場合の対応について,事務局総務課,事務局総務課,個人情報保護委員会が、マイナンバーを含む特定個人情報の漏えい事案等が発生した場合の対応に関しての資料を作成しています。,不定期,個人情報保護委員会,事業者における特定個人情報の漏えい事案等が発生した場合の報告要領について,PDF,事業者における特定個人情報の漏えい事案等が発生した場合の報告要領について,http://www.ppc.go.jp/files/pdf/280303_houkokuyouryou.pdf
ガイドライン資料集,事務局総務課,事務局総務課,個人情報保護委員会が、特定個人情報の適正な取扱いに関するガイドラインに関する資料等を作成しています。,不定期,個人情報保護委員会,マイナンバー制度、はじまります。 ,PDF,マイナンバー制度、はじまります。 ,http://www.ppc.go.jp/files/pdf/280205kouhou.pdf
ガイドライン資料集,事務局総務課,事務局総務課,個人情報保護委員会が、特定個人情報の適正な取扱いに関するガイドラインに関する資料等を作成しています。,不定期,個人情報保護委員会,マイナンバーガイドライン入門（事業者編）（平成28年１月版）（全16ページ）,PDF,マイナンバーガイドライン入門（事業者編）（平成28年１月版）（全16ページ）,http://www.ppc.go.jp/files/pdf/160114_guideline.pdf
ガイドライン資料集,事務局総務課,事務局総務課,個人情報保護委員会が、特定個人情報の適正な取扱いに関するガイドラインに関する資料等を作成しています。,不定期,個人情報保護委員会,社長必見≪ここがポイント≫マイナンバーガイドライン（事業者編）（平成28年１月版）（全５ページ）,PDF,社長必見≪ここがポイント≫マイナンバーガイドライン（事業者編）（平成28年１月版）（全５ページ）,http://www.ppc.go.jp/files/pdf/160114_shacho.pdf
ガイドライン資料集,事務局総務課,事務局総務課,個人情報保護委員会が、特定個人情報の適正な取扱いに関するガイドラインに関する資料等を作成しています。,不定期,個人情報保護委員会,はじめてのマイナンバーガイドライン（事業者編）（平成28年１月版）（全８ページ）,PDF,はじめてのマイナンバーガイドライン（事業者編）（平成28年１月版）（全８ページ）,http://www.ppc.go.jp/files/pdf/160114_firstguideline.pdf
ガイドライン資料集,事務局総務課,事務局総務課,個人情報保護委員会が、特定個人情報の適正な取扱いに関するガイドラインに関する資料等を作成しています。,不定期,個人情報保護委員会,中小企業向け はじめてのマイナンバーガイドライン（平成28年１月版）（全８ページ）,PDF,中小企業向け はじめてのマイナンバーガイドライン（平成28年１月版）（全８ページ）,http://www.ppc.go.jp/files/pdf/280208_chusho.pdf
ガイドライン資料集,事務局総務課,事務局総務課,個人情報保護委員会が、特定個人情報の適正な取扱いに関するガイドラインに関する資料等を作成しています。,不定期,個人情報保護委員会,小規模事業者必見！マイナンバーガイドラインのかんどころ（平成28年１月版）（全６ページ）,PDF,小規模事業者必見！マイナンバーガイドラインのかんどころ（平成28年１月版）（全６ページ）,http://www.ppc.go.jp/files/pdf/160114_shokibo.pdf
ガイドライン資料集,事務局総務課,事務局総務課,個人情報保護委員会が、特定個人情報の適正な取扱いに関するガイドラインに関する資料等を作成しています。,不定期,個人情報保護委員会,マイナンバーガイドライン入門（金融業務編）（平成28年１月版）（全16ページ）,PDF,マイナンバーガイドライン入門（金融業務編）（平成28年１月版）（全16ページ）,http://www.ppc.go.jp/files/pdf/160114_kinyu.pdf
ガイドライン資料集,事務局総務課,事務局総務課,個人情報保護委員会が、特定個人情報の適正な取扱いに関するガイドラインに関する資料等を作成しています。,不定期,個人情報保護委員会,社長必見≪ここがポイント≫マイナンバーガイドライン（金融業務編）（平成28年１月版）（全５ページ）,PDF,社長必見≪ここがポイント≫マイナンバーガイドライン（金融業務編）（平成28年１月版）（全５ページ）,http://www.ppc.go.jp/files/pdf/160114_kinyushacho.pdf
ガイドライン資料集,事務局総務課,事務局総務課,個人情報保護委員会が、特定個人情報の適正な取扱いに関するガイドラインに関する資料等を作成しています。,不定期,個人情報保護委員会,はじめてのマイナンバーガイドライン（金融業務編）（平成28年１月版）（全８ページ）,PDF,はじめてのマイナンバーガイドライン（金融業務編）（平成28年１月版）（全８ページ）,http://www.ppc.go.jp/files/pdf/160114_mynumberguidelinekinyu.pdf
「特定個人情報の適正な取扱いに関するガイドライン（事業者編）」及び「（別冊）金融業務における特定個人情報の適正な取扱いに関するガイドライン」 に関するＱ＆Ａ,事務局総務課,事務局総務課,個人情報保護委員会が、マイナンバーを含む特定個人情報の取扱いに関して、特定個人情報の適正な取扱いに関するガイドラインに関するＱ＆Ａを作成しています。,不定期,個人情報保護委員会,「特定個人情報の適正な取扱いに関するガイドライン（事業者編）」及び「（別冊）金融業務における特定個人情報の適正な取扱いに関するガイドライン」に関するＱ＆Ａ ,PDF,「特定個人情報の適正な取扱いに関するガイドライン（事業者編）」及び「（別冊）金融業務における特定個人情報の適正な取扱いに関するガイドライン」に関するＱ＆Ａ ,http://www.ppc.go.jp/files/pdf/280412_guidelineqa.pdf
特定個人情報の適正な取扱いに関するガイドライン,事務局総務課,事務局総務課,個人情報保護委員会が、マイナンバーを含む特定個人情報の取扱いに関して、特定個人情報の適正な取扱いに関するガイドラインを作成しています。,不定期,個人情報保護委員会,特定個人情報の適正な取扱いに関するガイドライン（事業者編）（本文及び（別添）特定個人情報に関する安全管理措置）,PDF,特定個人情報の適正な取扱いに関するガイドライン（事業者編）（本文及び（別添）特定個人情報に関する安全管理措置）,http://www.ppc.go.jp/files/pdf/160101_guideline_jigyousya.pdf
特定個人情報の適正な取扱いに関するガイドライン,事務局総務課,事務局総務課,個人情報保護委員会が、マイナンバーを含む特定個人情報の取扱いに関して、特定個人情報の適正な取扱いに関するガイドラインを作成しています。,不定期,個人情報保護委員会,特定個人情報の適正な取扱いに関するガイドライン（行政機関等・地方公共団体等編）（本文及び（別添）特定個人情報に関する安全管理措置）,PDF,特定個人情報の適正な取扱いに関するガイドライン（行政機関等・地方公共団体等編）（本文及び（別添）特定個人情報に関する安全管理措置）,http://www.ppc.go.jp/files/pdf/280401_guideline_gyousei_chikoutai.pdf
