厚生労働省,厚生労働省大臣官房会計課,東日本大震災復興特別会計,普通財産,株式会社　日本政策金融公庫,東京都千代田区霞が関１−２−２,国民一般向け業務勘定,2100408337,-,0,-,0,-,0,-,0,-,0,2100408337,※当該法人へは、一般会計及び他の特別会計からも出資が行われており、国有財産の総額は4787276757819円である。
厚生労働省,厚生労働省大臣官房会計課,東日本大震災復興特別会計,普通財産,独立行政法人　福祉医療機構,東京都千代田区霞が関１−２−２,一般勘定,150771705,-,0,-,0,  ,0,-,0,-,0,150771705,※当該法人へは、一般会計及び他の特別会計からも出資が行われており、国有財産の総額は926800148816円である。
経済産業省,大臣官房会計課,貿易再保険特別会計,普通財産,独立行政法人　日本貿易保険,東京都千代田区霞が関１−３−１,-,399862642837,-,0,-,0,-,0,-,0,-,0,399862642837,-
経済産業省,大臣官房会計課,特許特別会計,普通財産,国立研究開発法人　産業技術総合研究所,東京都千代田区霞が関１−３−１,-,1128998439,-,0,-,0,-,0,-,0,-,0,1128998439,※当該法人へは、一般会計からも出資が行われており、国有財産の総額は302817649036円である。
経済産業省,大臣官房会計課,東日本大震災復興特別会計,普通財産,株式会社　日本政策金融公庫,東京都千代田区霞が関１−３−１,危機対応円滑化業務勘定,5011307231,-,0,-,0,-,0,-,0,-,0,5011307231,※当該法人へは、一般会計及び他の特別会計からも出資が行われており、国有財産の総額は4787276757819円である。
国土交通省,大臣官房会計課,自動車安全特別会計,普通財産,独立行政法人　交通安全環境研究所,東京都千代田区霞が関２−１−３,審査勘定,10035680966,-,0,-,0,-,0,-,0,-,0,10035680966,※当該法人へは、一般会計からも出資が行われており、国有財産の総額は14960895873円である。
国土交通省,大臣官房会計課,自動車安全特別会計,普通財産,自動車検査独立行政法人,東京都千代田区霞が関２−１−３,-,15387062101,-,0,-,0,-,0,-,0,-,0,15387062101,-
国土交通省,大臣官房会計課,自動車安全特別会計,普通財産,独立行政法人　自動車事故対策機構,東京都千代田区霞が関２−１−３,-,9031619298,-,0,-,0,-,0,-,0,-,0,9031619298,-
