90,2014,総務省,13-06,平成２７年国勢調査オンライン調査システムの開発,平成27年国勢調査における国民の利便性向上、プライバシー意識や個人情報保護への意識の高まり等により調査が困難となる状況への対策及び早期公表の要望に応えるため、平成27年国勢調査オンライン調査システムを開発する。平成22年国勢調査におけるオンライン調査は、東京都全域を対象に導入され、若年層における回答等に効果がみられたことから、平成27年調査においては、全都道府県を対象とする。このため、平成27年国勢調査における調査全般の円滑な実施を目的に、平成26年に実施する第3次試験調査に向けて、オンライン調査システムを整備するとともに、同システムを活用した調査を行い、国勢調査の実施方法、調査環境全体の検証を行う。また平成27年度においては、第３次試験調査の結果を受けて、平成27年国勢調査のオンライン調査に向けての全国展開に必要なシステム改修及び基盤等の整備を行う予定である。,継続,国勢調査は、統計法（平成19年法律第53号）第５条に基づき、総務大臣が行うこととされており、オンライン調査の実施についても、国自らが行うことが必要なため、平成27年国勢調査において全都道府県を対象としたオンライン調査を行うとともに、同オンライン調査の円滑な実施に向けて、平成26年度に全都道府県（各県の一部地域）を対象とした第3次試験調査を行うためのシステムを整備する。,平成27年国勢調査オンライン調査システムは、①調査対象者（世帯）が調査票の回答で使用するオンライン調査システム（国勢調査調査票のダウンロード及び回答送信（PC又はスマートフォン））②統計局及び地方公共団体が調査票回収状況の確認及び郵送提出等の情報を入力する提出状況管理システム③地方公共団体が調査票の審査・修正を行う地方審査システムで構成されている。,2013,2015,85650000,341177000
154,2014,財務省,12-01,通関事務総合データ通信システム（税関ネットワーク）の更新等,導入以後、新規採用による増員や羽田空港再国際化などによる端末増加分をその都度調達してきた。これらの端末等を順次更新を行ったことにより、更新時期がバラバラとなった。一括調達範囲の拡大のため、サーバ、通信機器、端末等について、再リースを行って賃貸借の終了月を合わせながら、平成25年1月と平成27年7月に調達を集約した。平成25年1月には9税関約8300台の更新を行い、平成27年7月には約400台の更新を行うこととしている。今般、東京税関羽田税関支署及び全国の空港官署に配備している約400台の端末等が耐用年数を超えることから、集約化を図りながら更新を行うこととしたい。具体的には、4ヶ月の再リースと66ヶ月のリースを行うことにより、次の更新時期である平成33年1月に全ての端末等の更新時期を揃え、更なる集約化を行うことで、運用等経費について削減を図る。,継続,国際物流の基幹システムとして我が国輸出入申告の約９８％を処理している輸出入・港湾関連情報処理システム（以下「ＮＡＣＣＳ」という。）や、貨物のリスクに応じた重点的な審査及び迅速な通関処理を可能とする通関情報総合判定システム（以下「ＣＩＳ」という。）等に接続することにより、適正かつ迅速な税関業務を行う。,通関事務総合データ通信システム（以下「税関ネットワーク」という。）は、我が国輸出入申告の約９８％を処理しているＮＡＣＣＳ、貨物のリスクに応じた重点的な審査及び迅速な通関処理を可能とするＣＩＳ等の税関業務を処理するシステムと、財務省関税局、関税中央分析所、税関研修所、各税関（本関を含む税関官署）（以下「税関等」という。）との間を相互に接続した全国規模の専用通信回線網及び税関等の庁舎等の構内回線網、サーバ、クライアント等の機器（搭載されたソフトウェアを含む。）により構成される税関専用総合通信ネットワークであり、平成１１年２月より稼動している。税関等においては、職員が税関ネットワークに接続されている各種サーバ及びクライアントパソコン等を使用して、ＮＡＣＣＳ・ＣＩＳ等を通じた業務処理や、業務支援等を目的とする電子メールの送受信、電子掲示板等の掲載、閲覧等を行っている。,2012,2015,0,1228417000
333,2014,国土交通省,13-03,スポット管理システムの性能向上等,東京国際空港においては、新成長戦略に基づき、２４時間国際拠点空港化を推進し、平成２６年度中の発着容量４４．７万回を目指し、国際線９万回への増枠に必要な国際線地区の拡充、発着容量拡大のためエプロン整備及び長距離国際線の輸送能力増強のためＣ滑走路延伸事業の整備が進められてきた。東京国際空港のスポット管理システムは平成１５年度に製造したもので、製造後１０年以上を経過し、装置が老朽化しており、これに対応することにより、業務継続の確保を図る。また発着枠増に対応する性能向上を行い、航空管制運航情報官の業務処理時間軽減とともに増便による国民生活の利便性向上を実現する。中部国際スポット情報表示部は製造後10年が経過し、装置の老朽化により機能の維持が困難となることから、更新し、引き続き同システムを活用した業務を実施するとともに、中部国際空港株式会社とのスポット情報の共有を確保し、効率運航を維持する。成田国際国際空港は、国内線の充実を図り発着容量を３０万回へ増枠することとしており、これに対応するため、スポット情報表示部（発着調整機能）の性能向上を行うことにより業務処理時間の軽減と国民生活の利便性を確保する。,継続,空港事務所の航空管制運航情報官は、スポット管理システムを使用し、計画的かつ適切なスポット運用を図り、航空機の安全かつ定時性を保った運航を支援している。東京国際空港スポット管理システムは、年間40.7万回の発着容量を４４．７万回に増枠することを目指し、国際線９万回への増枠に必要な国際線地区の拡充、発着容量拡大のためのエプロン整備に対応する必要があり、成田国際空港スポット情報表示部は発着容量27万回から30万回への増枠に対応する必要がある。また、東京国際空港スポット管理システム及び中部国際空港スポット情報表示部は平成１５年製であり、製造後１０年以上を経過し、装置の老朽化により維持が困難となることからソフトウェア資産を有効に活用しつつ装置更新を実施する。,スポット運用を実施するため、航空機の運航計画をもとに月次でのスポット使用計画を作成、展開し、日次ベースにおける航空機のスポット使用の把握、管理、および使用調整を主に行う。また、スポット使用情報についてはエアラインシステムとも連動し、航空機のスポットイン、アウト時刻等を、また、他システムから飛行計画等の情報を入手し反映させている。加えて、航空機のダイバート調整および適正な航空交通流を支援するためにも、航空交通管理センターに設置されているシステムとも接続し、スポット情報を提供している。,2013,2022,332700000,2902873000
10087,2015,総務省,13-06,平成27年国勢調査オンライン調査システムの開発,平成27年国勢調査における国民の利便性向上、プライバシー意識や個人情報保護への意識の高まり等により調査が困難となる状況への対策及び早期公表の要望に応えるため、平成27年国勢調査オンライン調査システムを開発する。平成22年国勢調査におけるオンライン調査は、東京都全域を対象に導入され、若年層における回答等に効果がみられたことから、平成27年調査においては、全都道府県を対象とする。このため、平成27年国勢調査における調査全般の円滑な実施を目的に、平成26年には、第3次試験調査に向けて、オンライン調査システムを整備するとともに、同システムを活用した調査を行い、国勢調査の実施方法、調査環境全体の検証を行った。また平成27年度においては、第３次試験調査の結果を受けて、平成27年国勢調査のオンライン調査に向けての全国展開に必要なシステム改修及び基盤等の整備を行う予定である。,継続,国勢調査は、統計法（平成19年法律第53号）第５条に基づき、総務大臣が行うこととされており、オンライン調査の実施についても、国自らが行うことが必要なため、平成27年国勢調査において全都道府県を対象としたオンライン調査を行う。,平成27年国勢調査オンライン調査システムは、①調査対象者（世帯）が調査票の回答で使用するオンライン調査システム（国勢調査調査票のダウンロード及び回答送信（PC又はスマートフォン））②統計局及び地方公共団体が調査票回収状況の確認及び郵送提出等の情報を入力する提出状況管理システム③地方公共団体が調査票の審査・修正を行う地方審査システムで構成されている。,2013,2015,484401000,712689000
10342,2015,国土交通省,08-02,出入管理情報システムの構築,ゲートにおける３点確認は、重要国際埠頭施設の管理者に義務づけられるものであり、その実施にあたってシステムが導入されていない場合には、管理者において制限区域に立ち入ろうとする者の氏名、所属等を管理台帳に記入させること等が必要である。一方、貨物自動車運送事業者等については、複数の施設を利用することが想定され、その都度管理台帳の記入を行うことは、ゲート前混雑を招きかねないため、物流効率性も勘案した全国共通のシステム構築が必要である。これまでに大型トラックの出入りする振動等の環境の中でも安定的な動作を確保し、処理速度を満足するシステムの開発を行うとともに、多くのターミナルが参加するよう働きかけ、その結果、東京港等１１港、５４ターミナルが参画することとなっている。現在、関係者とともに実用化に向けた調整を進めている。平成27年度から平成28年度においては、社会実験で使用した一部の不要なシステムの撤去や、PSカードの申請手続きのWebを活用したシステムとする開発を行っていく。（注）重要国際埠頭施設の管理者とは、・港湾法に規程される重要港湾における国際埠頭施設（国土交通省令で定める基準に該当しないものを除く）の管理者であり、主に地方自治体や民間企業が施設管理者となる場合が多い。,継続,米国同時多発テロ事件の発生を契機に、国際的な保安の確保のため、海上人命安全条約（ＳＯＬＡＳ条約）が改正され、これに対応した国内法として「国際航海船舶及び国際港湾施設の保安の確保等に関する法律」が成立。港湾分野では、国による立入検査等にて判明した出入管理強化の必要性や海外港湾における高度な出入管理の実施状況等を踏まえ、ゲートにおける３点確認（本人・所属・立入目的の確認）の１００％実施を義務化。セキュリティ水準の強化に伴うゲート前の渋滞発生を緩和するため、国際海上コンテナターミナルへの人の出入り管理を確実かつ円滑に実施可能な出入管理情報システムの導入・運用を推進する。,ゲートにおける３点確認の効率的な実施のため、出入管理情報システム（注１）ではＰＳカード（注２）に格納された情報の読み取り・認証機能を有する。（注１）出入管理情報システムとは、・カードリーダーでPS（PortSecurity）カードを読み取ること等により、制限区域への人の出入りを確実かつ円滑に管理するシステム。・国がトラックドライバー等に対して、PSカードを発行するとともに、主要港のコンテナターミナルに、カードリーダー、リーダー管理用パソコン等を設置する。（注２）PS（PortSecurity）カードとは・国が発行する、出入管理情報システムを利用するために不可欠な全国共通のＩＣカード。・高度に偽造防止対策が施され、本人確認が容易な写真付きのカード（ＩＣチップを内蔵し、識別番号、暗号鍵等を格納）。,2008,2016,322206000,3315003000
10675,2015,国土交通省,08-03,機械施設管理保全システムの整備,那覇ブロックの現行の機械施設管理保全システムは、製造後18年を経過し、部品故障等による障害が多発及び、保守部品の確保が困難となっている。また、監視等の対象となる機械施設との接続等の部分で専用品の使用が多く、また、製造中止となっている部品があるため、代替部品を手配する場合に日数を要し、費用が高価となっている。このため、平成27年度から那覇ブロックにおいて新しい機械施設管理保全システムを運用するため、平成27年度に同システムを製造・設置する。なお、更新後の新システムでは、汎用品を用いた、特定のハードウエアに依存しないシステムで交換部品等の経費節減が可能であり、既に導入済みの福岡及び東京のブロックでは経費節減、交換部品の調達期間の短縮及び信頼性の確保が実現されており、現在製造・設置中の新千歳及び大阪のブロックについても同様の効果が期待できるものとなっている。,新規,航空需要の拡大に伴って全国の空港等に設置されている管制情報処理システムや、航空保安無線施設、航空灯火等の航空保安施設の重要性が一層増加している中で、その電源を供給するための発電設備、無停電電源設備等の機械施設についても、安定的稼働が更に強く求められることから、これら機械施設に対して２４時間体制で監視・制御し、緊急時対応を行うとともに、管理・保全を実施することを目的として、平成７年度から１０年度にかけて機械施設管理保全システムの整備を行ってきた。このシステムの整備により、それまで要員が配置できなかった空港等の機械施設の管理運用が２４時間体制で監視・制御が可能となり、広域施設管理体制による信頼性の高い施設の管理・保全を行うことができるようになり、また、同時に新規施設が増大する一方、定員削減が求められている中、業務の効率化と要員の有効的な活用が図られ、要員の増加を図ることなく業務体制の継続を可能としている。,機械施設管理保全システムは、全国の85か所の空港などを新千歳、東京、大阪、福岡及び那覇の５ブロックにグループ化し、各ブロックに配置した管理センターからブロック内各空港の機械施設について２４時間監視・制御及び管理・保全を行うものであり、機械施設の障害発生時の状況判断、復旧に向けた迅速な対応、蓄積データの解析による故障等未然防止のための予防保全を支援している。,2008,2015,359000000,3402635000
10682,2015,国土交通省,15-10,空港気象ドップラーレーダー観測処理装置の更新,空港気象ドップラーレーダー観測処理装置は、平成27年度には運用開始から6年が経過し、老朽化が著しいことから、平成27年度にハードウェアを更新する。また、業務処理ソフトウェアについては、平成27年度より東京国際空港・関西空港で運用開始する次期空港気象ドップラーレーダーによる高度な観測に対応した新たな処理を行うとともに、航空会社等からの要望に基づき処理機能を向上させる。,新規,気象庁は、気象業務法、国際民間航空機関や世界気象機関が定める国際的な統一基準に基づき、空港及びその周辺の気象観測情報を航空会社等にリアルタイムへ提供し、航空機の安全運航に寄与している。航空機は大気と機体との速度差によって飛行に必要な揚力を得ることから、ウィンドシアー※１やマイクロバースト※２は航空機の安全運航に大きな影響を与え、特に、離着陸時の航空機にとって重大な事故にも繋がりかねない危険な現象である。当該システムは、空港気象ドップラーレーダー等によるこれらの観測データを収集処理し、部外へ配信することを通じて、航空路の安全確保に資するシステムである。平成27年度には運用開始から6年が経過し、老朽化によりシステムの運用維持が困難となる恐れがあるなか、空港気象ドップラーレーダー等による観測データの収集・配信を安定して継続する必要がある。特に航空会社等から空港及びその周辺のより正確な気象観測が、強く要請されており、次期空港気象ドップラーレーダーによる高度な観測データ、既存の観測データの有効活用が必要となっている。※１大気中の異なる2点間で、風の強さや向きが急変する状態、またはその急変域※２雷雲の中の冷たく重い空気の塊が上空から降りて、地表面付近で弾けるように発散する現象,航空機の安全運航に必要不可欠な、全国9空港にある空港気象ドップラーレーダー等による観測データを収集し、航空局やエアラインへデータ配信を24時間連続で行う業務について、自動で空港気象ドップラーレーダー観測処理装置で行う。当該システムは、観測データを収集（76GB/日）し、収集したデータからユーザー向けの情報作成処理後に配信（18GB/日）している。（次期システムでは、観測データを収集（162GB/日）し、収集したデータからユーザー向けの情報作成処理後に配信（27GB/日）する計画である。）,2015,2015,360000000,360000000
20377,2016,国土交通省,08-02,出入管理情報システムの構築,ゲートにおける３点確認は、重要国際埠頭施設の管理者に義務づけられるものであり、その実施にあたってシステムが導入されていない場合には、管理者において制限区域に立ち入ろうとする者の氏名、所属等を管理台帳に記入させること等が必要である。一方、貨物自動車運送事業者等については、複数の施設を利用することが想定され、その都度管理台帳の記入を行うことは、ゲート前混雑を招きかねないため、物流効率性も勘案した全国共通のシステム構築が必要である。これまでに大型トラックの出入りする振動等の環境の中でも安定的な動作を確保し、処理速度を満足するシステムの開発を行うとともに、多くのターミナルが参加するよう働きかけ、その結果、東京港等１１港、５４ターミナルが参画し、平成27年1月からシステムの本格運用を開始している。今後、PSカードの更新手続きの効率化に資するシステム改良や新たなターミナルへのシステムの導入等を行っていく。（注）重要国際埠頭施設の管理者とは、・港湾法に規程される重要港湾における国際埠頭施設（国土交通省令で定める基準に該当しないものを除く）の管理者であり、主に地方自治体や民間企業が施設管理者となる場合が多い。,継続,米国同時多発テロ事件の発生を契機に、国際的な保安の確保のため、海上人命安全条約（ＳＯＬＡＳ条約）が改正され、これに対応した国内法として「国際航海船舶及び国際港湾施設の保安の確保等に関する法律」が成立。港湾分野では、国による立入検査等にて判明した出入管理強化の必要性や海外港湾における高度な出入管理の実施状況等を踏まえ、ゲートにおける３点確認（本人・所属・立入目的の確認）を実施している。ゲートにおける物流の効率性を阻害することなく３点確認を確実かつ円滑に実施することを目的に、出入管理情報システムの導入・運用を推進する。,ゲートにおける３点確認の効率的な実施のため、出入管理情報システム（注１）ではＰＳカード（注２）に格納された情報の読み取り・認証機能を有する。（注１）出入管理情報システムとは、・カードリーダーでPS（PortSecurity）カードを読み取ること等により、制限区域への人の出入りを確実かつ円滑に管理するシステム。・国がトラックドライバー等に対して、PSカードを発行するとともに、主要港のコンテナターミナルに、カードリーダー、リーダー管理用パソコン等を設置する。（注２）PS（PortSecurity）カードとは・国が発行する、出入管理情報システムを利用するために不可欠な全国共通のＩＣカード。・高度に偽造防止対策が施され、本人確認が容易な写真付きのカード（ＩＣチップを内蔵し、識別番号、暗号鍵等を格納）。,2008,2016,99985600,3160966600
20381,2016,国土交通省,16-04,スポット管理システム及びスポット情報表示部の延命更新,平成33年度に、9空港（新千歳、成田、東京、中部、大阪、関西、福岡、鹿児島及び那覇）に個別に整備してきたスポット管理システム及びスポット情報表示装置を統合スポット管理システム（仮称）として統合することを計画しているが、新千歳、成田、関西、大阪、福岡、鹿児島及び那覇に配備されているシステムは統合前に製造から１０年を経過し装置の維持が困難となることから、平成２８年度に延命更新を行う。延命更新を行うことにより、当該システムを使用した効率的なスポット運用を継続して行うことが可能となり、利用者利便性の確保が継続できる。,新規,航空法第47条（空港又は航空保安施設の管理）に基づき空港の安全運用を確保するため、また、航空法第107条の3（混雑空港に係る特例）に基づく航空機の運航の安全を確保するため、空港の発着制限及び駐機場の運用に関する基準を定めるとともに、当該基準に従って空港の発着時間や駐機時間に関する航空会社等運航者との調整・監視を実施する。,スポット運用を実施するため、航空機の運航計画をもとに月次でのスポット使用計画を作成、展開し、日次ベースにおける航空機のスポット使用の把握、管理、及び使用調整を主に行う。また、スポット使用情報についてはエアラインシステムとも連動し、航空機のスポットイン、アウト時刻等を、また、他システムから飛行計画等の情報を入手し反映させている。加えて、航空機のダイバート調整及び適正な航空交通流を支援するためにも、航空交通管理センターに設置されているシステムとも接続し、スポット情報を提供している。,2016,2016,531000000,531000000
