内閣府本府,子ども・子育て本部,年金特別会計（子ども・子育て支援勘定）,普通財産(各省各庁所管),国立総合児童センター（普通財産）,東京都渋谷区神宮前５丁目５３番９,36581328924,9923,31402369187,6010.93,41699.87,3857986206,6965172,1314008359,0,0,0,0,0,0,0,0,0,0,市街化区域,第二種住居地域,60,400
警察庁,警視庁総務部,一般会計,普通財産(各省各庁所管),東京湾岸警察署（別館）,東京都港区港南５−８−３６,146865,0,0,0,0,0,0,0,1,146865,0,0,0,0,0,0,0,0,-,-,-,-
法務省,法務省本省,一般会計,普通財産(各省各庁所管),法務本省,東京都千代田区霞が関１−１−１,7420897000,1569,7420897000,0,0,0,0,0,0,0,0,0,0,0,0,0,0,0,市街化区域,商業地域,80,500
財務省,財務省大臣官房政策金融課,東日本大震災復興特別会計,普通財産(各省各庁所管),株式会社日本政策金融公庫（国民一般向け業務）,東京都千代田区霞が関３−１−１,89695676393,0,0,0,0,0,0,0,0,0,0,0,0,0,0,0,89695676393,0,-,-,-,-
財務省,財務省大臣官房政策金融課,東日本大震災復興特別会計,普通財産(各省各庁所管),株式会社日本政策金融公庫（信用保険等業務）,東京都千代田区霞が関３−１−１,250098848719,0,0,0,0,0,0,0,0,0,0,0,0,0,0,0,250098848719,0,-,-,-,-
財務省,財務省大臣官房政策金融課,東日本大震災復興特別会計,普通財産(各省各庁所管),株式会社日本政策金融公庫（危機対応円滑化業務）,東京都千代田区霞が関３−１−１,21147233887,0,0,0,0,0,0,0,0,0,0,0,0,0,0,0,21147233887,0,-,-,-,-
財務省,財務省理財局（財投総括課）,財政投融資特別会計（投資勘定）,普通財産(各省各庁所管),株式会社農林漁業成長産業化支援機構,東京都千代田区霞ヶ関３−２−１外,27154621077,0,0,0,0,0,0,0,0,0,0,0,0,0,0,0,27154621077,0,-,-,-,-
財務省,財務省理財局（財投総括課）,財政投融資特別会計（投資勘定）,普通財産(各省各庁所管),株式会社日本政策金融公庫（農林水産事業者向け業務）,東京都千代田区霞ヶ関３−２−１外,118932026386,0,0,0,0,0,0,0,0,0,0,0,0,0,0,0,118932026386,0,-,-,-,-
財務省,財務省理財局（財投総括課）,財政投融資特別会計（投資勘定）,普通財産(各省各庁所管),株式会社日本政策金融公庫（中小企業者向け業務）,東京都千代田区霞ヶ関３−２−１外,359494737391,0,0,0,0,0,0,0,0,0,0,0,0,0,0,0,359494737391,0,-,-,-,-
財務省,財務省理財局（財投総括課）,財政投融資特別会計（投資勘定）,普通財産(各省各庁所管),株式会社日本政策金融公庫（国民一般向け業務）,東京都千代田区霞ヶ関３−２−１外,7469699422,0,0,0,0,0,0,0,0,0,0,0,0,0,0,0,7469699422,0,-,-,-,-
財務省,財務省理財局（財投総括課）,財政投融資特別会計（投資勘定）,普通財産(各省各庁所管),株式会社国際協力銀行,東京都千代田区霞ヶ関３−２−１外,2436819325834,0,0,0,0,0,0,0,0,0,0,0,0,0,0,0,2436819325834,0,-,-,-,-
財務省,財務省理財局（財投総括課）,財政投融資特別会計（投資勘定）,普通財産(各省各庁所管),株式会社商工組合中央金庫,東京都千代田区霞ヶ関３−２−１外,166487559185,0,0,0,0,0,0,0,0,0,0,0,0,0,0,0,166487559185,0,-,-,-,-
財務省,財務省理財局（財投総括課）,財政投融資特別会計（投資勘定）,普通財産(各省各庁所管),沖縄振興開発金融公庫,東京都千代田区霞ヶ関３−２−１外,10640599425,0,0,0,0,0,0,0,0,0,0,0,0,0,0,0,10640599425,0,-,-,-,-
財務省,財務省理財局（財投総括課）,財政投融資特別会計（投資勘定）,普通財産(各省各庁所管),日本たばこ産業株式会社,東京都千代田区霞ヶ関３−２−１外,3126667292000,0,0,0,0,0,0,0,0,0,0,0,0,0,0,0,3126667292000,0,-,-,-,-
財務省,財務省理財局（財投総括課）,財政投融資特別会計（投資勘定）,普通財産(各省各庁所管),日本電信電話株式会社,東京都千代田区霞ヶ関３−２−１外,3576845673600,0,0,0,0,0,0,0,0,0,0,0,0,0,0,0,3576845673600,0,-,-,-,-
財務省,財務省理財局（財投総括課）,財政投融資特別会計（投資勘定）,普通財産(各省各庁所管),新関西国際空港株式会社,東京都千代田区霞ヶ関３−２−１外,49227182708,0,0,0,0,0,0,0,0,0,0,0,0,0,0,0,49227182708,0,-,-,-,-
財務省,財務省理財局（財投総括課）,財政投融資特別会計（投資勘定）,普通財産(各省各庁所管),預金保険機構,東京都千代田区霞ヶ関３−２−１外,12976380326,0,0,0,0,0,0,0,0,0,0,0,0,0,0,0,12976380326,0,-,-,-,-
財務省,財務省理財局（財投総括課）,財政投融資特別会計（投資勘定）,普通財産(各省各庁所管),株式会社日本政策投資銀行,東京都千代田区霞ヶ関３−２−１外,2850042153709,0,0,0,0,0,0,0,0,0,0,0,0,0,0,0,2850042153709,0,-,-,-,-
財務省,財務省理財局（財投総括課）,財政投融資特別会計（投資勘定）,普通財産(各省各庁所管),株式会社産業革新機構,東京都千代田区霞ヶ関３−２−１外,701540680978,0,0,0,0,0,0,0,0,0,0,0,0,0,0,0,701540680978,0,-,-,-,-
財務省,財務省理財局（財投総括課）,財政投融資特別会計（投資勘定）,普通財産(各省各庁所管),独立行政法人農業・食品産業技術総合研究機構,東京都千代田区霞ヶ関３−２−１外,4632788264,0,0,0,0,0,0,0,0,0,0,0,0,0,0,0,4632788264,0,-,-,-,-
財務省,財務省理財局（財投総括課）,財政投融資特別会計（投資勘定）,普通財産(各省各庁所管),独立行政法人新エネルギー・産業技術総合開発機構,東京都千代田区霞ヶ関３−２−１外,12856846479,0,0,0,0,0,0,0,0,0,0,0,0,0,0,0,12856846479,0,-,-,-,-
財務省,財務省理財局（財投総括課）,財政投融資特別会計（投資勘定）,普通財産(各省各庁所管),独立行政法人科学技術振興機構,東京都千代田区霞ヶ関３−２−１外,15242882481,0,0,0,0,0,0,0,0,0,0,0,0,0,0,0,15242882481,0,-,-,-,-
財務省,財務省理財局（財投総括課）,財政投融資特別会計（投資勘定）,普通財産(各省各庁所管),独立行政法人鉄道建設・運輸施設整備支援機構,東京都千代田区霞ヶ関３−２−１外,490571915106,0,0,0,0,0,0,0,0,0,0,0,0,0,0,0,490571915106,0,-,-,-,-
財務省,財務省理財局（財投総括課）,財政投融資特別会計（投資勘定）,普通財産(各省各庁所管),独立行政法人情報処理推進機構,東京都千代田区霞ヶ関３−２−１外,1904143234,0,0,0,0,0,0,0,0,0,0,0,0,0,0,0,1904143234,0,-,-,-,-
財務省,財務省理財局（財投総括課）,財政投融資特別会計（投資勘定）,普通財産(各省各庁所管),独立行政法人石油天然ガス・金属鉱物資源機構,東京都千代田区霞ヶ関３−２−１外,168235791914,0,0,0,0,0,0,0,0,0,0,0,0,0,0,0,168235791914,0,-,-,-,-
財務省,財務省理財局（財投総括課）,財政投融資特別会計（投資勘定）,普通財産(各省各庁所管),独立行政法人情報通信研究機構,東京都千代田区霞ヶ関３−２−１外,2431988029,0,0,0,0,0,0,0,0,0,0,0,0,0,0,0,2431988029,0,-,-,-,-
財務省,財務省理財局（財投総括課）,財政投融資特別会計（投資勘定）,普通財産(各省各庁所管),独立行政法人中小企業基盤整備機構,東京都千代田区霞ヶ関３−２−１外,39633527757,0,0,0,0,0,0,0,0,0,0,0,0,0,0,0,39633527757,0,-,-,-,-
財務省,財務省理財局（財投総括課）,財政投融資特別会計（投資勘定）,普通財産(各省各庁所管),独立行政法人都市再生機構,東京都千代田区霞ヶ関３−２−１外,68711472150,0,0,0,0,0,0,0,0,0,0,0,0,0,0,0,68711472150,0,-,-,-,-
財務省,財務省理財局（財投総括課）,財政投融資特別会計（投資勘定）,普通財産(各省各庁所管),独立行政法人奄美群島振興開発基金,東京都千代田区霞ヶ関３−２−１外,5666767406,0,0,0,0,0,0,0,0,0,0,0,0,0,0,0,5666767406,0,-,-,-,-
財務省,財務省理財局（財投総括課）,財政投融資特別会計（投資勘定）,普通財産(各省各庁所管),独立行政法人医薬基盤研究所,東京都千代田区霞ヶ関３−２−１外,3524744485,0,0,0,0,0,0,0,0,0,0,0,0,0,0,0,3524744485,0,-,-,-,-
財務省,財務省理財局（財投総括課）,財政投融資特別会計（投資勘定）,普通財産(各省各庁所管),独立行政法人住宅金融支援機構,東京都千代田区霞ヶ関３−２−１外,122771489425,0,0,0,0,0,0,0,0,0,0,0,0,0,0,0,122771489425,0,-,-,-,-
財務省,財務省理財局（財投総括課）,財政投融資特別会計（投資勘定）,普通財産(各省各庁所管),株式会社民間資金等活用事業推進機構,東京都千代田区霞ヶ関３−２−１外,9472571737,0,0,0,0,0,0,0,0,0,0,0,0,0,0,0,9472571737,0,-,-,-,-
財務省,財務省理財局（財投総括課）,財政投融資特別会計（投資勘定）,普通財産(各省各庁所管),株式会社海外需要開拓支援機構,東京都千代田区霞ヶ関３−２−１外,38271957844,0,0,0,0,0,0,0,0,0,0,0,0,0,0,0,38271957844,0,-,-,-,-
財務省,財務省理財局（財投総括課）,財政投融資特別会計（投資勘定）,普通財産(各省各庁所管),株式会社海外交通・都市開発事業支援機構,東京都千代田区霞ヶ関３−２−１外,13991548660,0,0,0,0,0,0,0,0,0,0,0,0,0,0,0,13991548660,0,-,-,-,-
財務省,財務省理財局（財投総括課）,財政投融資特別会計（投資勘定）,普通財産(各省各庁所管),株式会社海外通信・放送・郵便事業支援機構,東京都千代田区霞ヶ関３−２−１外,1780709007,0,0,0,0,0,0,0,0,0,0,0,0,0,0,0,1780709007,0,-,-,-,-
財務省,財務省理財局（国債企画課）,国債整理基金特別会計,普通財産(各省各庁所管),東京地下鉄株式会社,東京都千代田区霞が関３−２−１外,271739864765,0,0,0,0,0,0,0,0,0,0,0,0,0,0,0,271739864765,0,-,-,-,-
財務省,財務省理財局（国債企画課）,国債整理基金特別会計,普通財産(各省各庁所管),日本郵政株式会社,東京都千代田区霞が関３−２−１外,3007151646600,0,0,0,0,0,0,0,0,0,0,0,0,0,0,0,3007151646600,0,-,-,-,-
財務省,国際局,外国為替資金特別会計,普通財産(各省各庁所管),国際通貨基金,東京都千代田区霞が関３−２−１外,5243079616037,0,0,0,0,0,0,0,0,0,0,0,0,0,0,0,5243079616037,0,-,-,-,-
文部科学省,文部科学本省,一般会計,普通財産(各省各庁所管),文部科学本省,東京都千代田区霞が関３—２—２,0,0,0,0,0,0,0,0,0,0,0,0,0,0,8,0,0,0,-,-,-,-
文部科学省,文部科学本省,一般会計,普通財産(各省各庁所管),国際連合大学本部施設,東京都渋谷区神宮前５−５３−１,2853882908,0,0,2857.7,22377.89,2809451706,3465819,40965383,0,0,0,0,0,0,0,0,0,0,-,-,-,-
文部科学省,文部科学本省,一般会計,普通財産(各省各庁所管),旧教養学部,東京都目黒区駒場３−８６５−１８　外,121682310,611,121268327,0,0,0,0,413983,0,0,0,0,0,0,0,0,0,0,市街化区域,第一種中高層住居専用地域,60,200
文部科学省,文部科学本省,一般会計,普通財産(各省各庁所管),小金井校（普通財産）,東京都小金井市貫井北町４−１−１,1,589,1,0,0,0,0,0,0,0,0,0,0,0,0,0,0,0,市街化区域,第一種中高層住居専用地域,60,200
文部科学省,文部科学本省,東日本大震災復興特別会計,普通財産(各省各庁所管),文部科学本省,東京都千代田区霞が関３−２−２,6069091573,0,0,0,0,0,0,0,0,0,0,0,0,0,0,0,6069091573,0,-,-,-,-
文部科学省,文部科学省研究開発局,エネルギー対策特別会計（電源開発促進勘定）,普通財産(各省各庁所管),エネルギー対策特別会計（電源開発促進勘定）,東京都千代田区霞が関３−２−２,259672538413,0,0,0,0,0,0,0,0,0,0,0,0,0,0,0,259672538413,0,-,-,-,-
厚生労働省,厚生労働省大臣官房会計課,一般会計,普通財産(各省各庁所管),国際安全衛生センター,東京都清瀬市梅園１−４−６,206410793,0,0,1009.32,2504.21,180273873,1257483,24879437,0,0,0,0,0,0,0,0,0,0,-,-,-,-
厚生労働省,厚生労働省大臣官房会計課,東日本大震災復興特別会計,普通財産(各省各庁所管),厚生労働省（政府出資等）,東京都千代田区霞が関１−２−２,2251180042,0,0,0,0,0,0,0,0,0,0,0,0,0,0,0,2251180042,0,-,-,-,-
厚生労働省,年金局,年金特別会計（国民年金勘定）,普通財産(各省各庁所管),出資による権利（独立行政法人　福祉医療機構・国民年金勘定）,東京都千代田区霞が関１−２−２,47381885917,0,0,0,0,0,0,0,0,0,0,0,0,0,0,0,47381885917,0,-,-,-,-
厚生労働省,年金局,年金特別会計（国民年金勘定）,普通財産(各省各庁所管),出資による権利（日本年金機構・国民年金勘定）,東京都千代田区霞が関１−２−２,18480720046,0,0,0,0,0,0,0,0,0,0,0,0,0,0,0,18480720046,0,-,-,-,-
厚生労働省,年金局,年金特別会計（厚生年金勘定）,普通財産(各省各庁所管),出資による権利（独立行政法人　地域医療機能推進機構・厚生年金勘定）,東京都千代田区霞が関１−２−２,149636032959,0,0,0,0,0,0,0,0,0,0,0,0,0,0,0,149636032959,0,-,-,-,-
厚生労働省,年金局,年金特別会計（厚生年金勘定）,普通財産(各省各庁所管),出資による権利（独立行政法人　福祉医療機構・厚生年金勘定）,東京都千代田区霞が関１−２−２,856359649427,0,0,0,0,0,0,0,0,0,0,0,0,0,0,0,856359649427,0,-,-,-,-
厚生労働省,年金局,年金特別会計（厚生年金勘定）,普通財産(各省各庁所管),出資による権利（日本年金機構・厚生年金勘定）,東京都千代田区霞が関１−２−２,46789250246,0,0,0,0,0,0,0,0,0,0,0,0,0,0,0,46789250246,0,-,-,-,-
厚生労働省,年金局,年金特別会計（健康勘定）,普通財産(各省各庁所管),出資による権利（独立行政法人　地域医療機能推進機構・健康勘定）,東京都千代田区霞が関１−２−２,278743960265,0,0,0,0,0,0,0,0,0,0,0,0,0,0,0,278743960265,0,-,-,-,-
厚生労働省,年金局,年金特別会計（健康勘定）,普通財産(各省各庁所管),出資による権利（全国健康保険協会・船員保険勘定）,東京都千代田区霞が関１−２−２,41827639333,0,0,0,0,0,0,0,0,0,0,0,0,0,0,0,41827639333,0,-,-,-,-
厚生労働省,年金局,年金特別会計（健康勘定）,普通財産(各省各庁所管),出資による権利（全国健康保険協会・健康勘定）,東京都千代田区霞が関１−２−２,1273745296618,0,0,0,0,0,0,0,0,0,0,0,0,0,0,0,1273745296618,0,-,-,-,-
厚生労働省,年金局,年金特別会計（健康勘定）,普通財産(各省各庁所管),出資による権利（日本年金機構・健康勘定）,東京都千代田区霞が関１−２−２,9496715316,0,0,0,0,0,0,0,0,0,0,0,0,0,0,0,9496715316,0,-,-,-,-
厚生労働省,年金局,年金特別会計（業務勘定）,普通財産(各省各庁所管),出資による権利（独立行政法人　地域医療機能推進機構・業務勘定）,東京都千代田区霞が関１−２−２,18603645297,0,0,0,0,0,0,0,0,0,0,0,0,0,0,0,18603645297,0,-,-,-,-
厚生労働省,年金局,年金特別会計（業務勘定）,普通財産(各省各庁所管),出資による権利（独立行政法人　福祉医療機構・業務勘定）,東京都千代田区霞が関１−２−２,1028098478,0,0,0,0,0,0,0,0,0,0,0,0,0,0,0,1028098478,0,-,-,-,-
厚生労働省,年金局,年金特別会計（業務勘定）,普通財産(各省各庁所管),出資による権利（日本年金機構・業務勘定）,東京都千代田区霞が関１−２−２,49419329336,0,0,0,0,0,0,0,0,0,0,0,0,0,0,0,49419329336,0,-,-,-,-
厚生労働省,労働基準局,労働保険特別会計（労災勘定）,普通財産(各省各庁所管),旧東京安全衛生教育センター・国際安全衛生センター,東京都清瀬市梅園１−６１７−５,390437543,2989,390020130,0,0,0,417413,0,0,0,0,0,0,0,0,0,0,0,市街化区域,第一種中高層住居専用地域,60,200
厚生労働省,労働基準局,労働保険特別会計（労災勘定）,普通財産(各省各庁所管),独立行政法人労働安全衛生総合研究所（出資による権利）,東京都千代田区霞ヶ関１−２−２,9729252499,0,0,0,0,0,0,0,0,0,0,0,0,0,0,0,9729252499,0,-,-,-,-
厚生労働省,労働基準局,労働保険特別会計（労災勘定）,普通財産(各省各庁所管),独立行政法人労働政策研究・研修機構（出資による権利）,東京都千代田区霞ヶ関１−２−２,1741610842,0,0,0,0,0,0,0,0,0,0,0,0,0,0,0,1741610842,0,-,-,-,-
厚生労働省,労働基準局,労働保険特別会計（労災勘定）,普通財産(各省各庁所管),独立行政法人労働者健康福祉機構（出資による権利）,東京都千代田区霞ヶ関１−２−２,141965299406,0,0,0,0,0,0,0,0,0,0,0,0,0,0,0,141965299406,0,-,-,-,-
厚生労働省,労働基準局,労働保険特別会計（労災勘定）,普通財産(各省各庁所管),独立行政法人福祉医療機構（出資による権利）,東京都千代田区霞ヶ関１−２−２,4424731817,0,0,0,0,0,0,0,0,0,0,0,0,0,0,0,4424731817,0,-,-,-,-
厚生労働省,職業安定局,労働保険特別会計（雇用勘定）,普通財産(各省各庁所管),厚生労働省職業安定局,東京都千代田区霞ケ関１−２−２,401383040643,0,0,0,0,0,0,0,0,0,0,0,0,0,0,0,401383040643,0,-,-,-,-
厚生労働省,関東信越厚生局,年金特別会計（厚生年金勘定）,普通財産(各省各庁所管),東京厚生年金病院（津久戸町）,東京都新宿区津久戸町２３−６,1,35,1,0,0,0,0,0,0,0,0,0,0,0,0,0,0,0,市街化区域,商業地域,80,500
厚生労働省,関東信越厚生局,年金特別会計（健康勘定）,普通財産(各省各庁所管),健康保険二子玉川園スポーツセンター,東京都世田谷区鎌田１−１８４−１３外８筆,1,1183,1,0,0,0,0,0,0,0,0,0,0,0,0,0,0,0,市街化区域,第一種中高層住居専用地域,60,200
厚生労働省,関東信越厚生局,年金特別会計（健康勘定）,普通財産(各省各庁所管),日向荘飛び地Ｃ,東京都青梅市日向和田２−３０３−４,1,15,1,0,0,0,0,0,0,0,0,0,0,0,0,0,0,0,市街化区域,第一種低層住居専用地域,40,80
農林水産省,消費・安全局,一般会計,普通財産(各省各庁所管),消費・安全局,東京都千代田区霞が関１−２−１,0,0,0,0,0,0,0,0,0,0,0,0,0,0,7,0,0,0,-,-,-,-
農林水産省,生産局,一般会計,普通財産(各省各庁所管),農林水産省生産局,東京都千代田区霞が関１−２−１,0,0,0,0,0,0,0,0,0,0,0,0,0,0,1,0,0,0,-,-,-,-
農林水産省,経営局,一般会計,普通財産(各省各庁所管),経営局,東京都千代田区霞が関１−２−１,0,0,0,0,0,0,0,0,0,0,0,0,0,0,1,0,0,0,-,-,-,-
農林水産省,経営局,一般会計,普通財産(各省各庁所管),経営局,東京都千代田区霞が関１−２−１,0,0,0,0,0,0,0,0,0,0,0,0,0,0,1,0,0,0,-,-,-,-
農林水産省,農林水産技術会議事務局,一般会計,普通財産(各省各庁所管),農林水産技術会議事務局,東京都千代田区霞が関１−２−１,0,0,0,0,0,0,0,0,0,0,0,0,0,0,1,0,0,0,-,-,-,-
農林水産省,政策統括官,一般会計,普通財産(各省各庁所管),農林水産省政策統括官,東京都千代田区霞が関１−２−１,32226811,0,0,0,0,0,0,0,0,0,0,0,0,0,1,32226811,0,0,-,-,-,-
農林水産省,関東農政局,一般会計,普通財産(各省各庁所管),回田地区,東京都東大和市内,16107058,148,16107058,0,0,0,0,0,0,0,0,0,0,0,0,0,0,0,市街化区域,第一種低層住居専用地域,-,-
農林水産省,関東農政局,一般会計,普通財産(各省各庁所管),昭和中神地区,東京都昭島市内,229603108,2064,229603108,0,0,0,0,0,0,0,0,0,0,0,0,0,0,0,市街化区域,第二種中高層住居専用地域,-,-
農林水産省,関東農政局,一般会計,普通財産(各省各庁所管),上小山田地区,東京都多摩市内,34155000,253,34155000,0,0,0,0,0,0,0,0,0,0,0,0,0,0,0,市街化区域,第二種中高層住居専用地域,-,-
農林水産省,東京都,一般会計,普通財産(各省各庁所管),足立区農業委員会,東京都足立区内,1455170303,6277,1455170303,0,0,0,0,0,0,0,0,0,0,0,0,0,0,0,非線引,都市計画用途地域指定なし,-,-
農林水産省,東京都,一般会計,普通財産(各省各庁所管),杉並区農業委員会,東京都杉並区内,694086849,2027,694086849,0,0,0,0,0,0,0,0,0,0,0,0,0,0,0,非線引,都市計画用途地域指定なし,-,-
農林水産省,東京都,一般会計,普通財産(各省各庁所管),板橋区農業委員会,東京都板橋区内,2421181341,7756,2421181341,0,0,0,0,0,0,0,0,0,0,0,0,0,0,0,非線引,都市計画用途地域指定なし,-,-
農林水産省,東京都,一般会計,普通財産(各省各庁所管),中野区農業委員会,東京都中野区内,441650083,1383,441650083,0,0,0,0,0,0,0,0,0,0,0,0,0,0,0,非線引,都市計画用途地域指定なし,-,-
農林水産省,東京都,一般会計,普通財産(各省各庁所管),江戸川区農業委員会,東京都江戸川区内,5990011084,19570,5990011084,0,0,0,0,0,0,0,0,0,0,0,0,0,0,0,非線引,都市計画用途地域指定なし,-,-
農林水産省,東京都,一般会計,普通財産(各省各庁所管),練馬区農業委員会,東京都練馬区内,1157041385,6417,1157041385,0,0,0,0,0,0,0,0,0,0,0,0,0,0,0,非線引,都市計画用途地域指定なし,-,-
農林水産省,東京都,一般会計,普通財産(各省各庁所管),葛飾区農業委員会,東京都葛飾区内,511080741,1811,511080741,0,0,0,0,0,0,0,0,0,0,0,0,0,0,0,非線引,都市計画用途地域指定なし,-,-
農林水産省,東京都,一般会計,普通財産(各省各庁所管),世田谷区農業委員会,東京都世田谷区内,2804792008,11527,2804792008,0,0,0,0,0,0,0,0,0,0,0,0,0,0,0,非線引,都市計画用途地域指定なし,-,-
農林水産省,東京都,一般会計,普通財産(各省各庁所管),大島町農業委員会,東京都大島町内,740739,1408,740739,0,0,0,0,0,0,0,0,0,0,0,0,0,0,0,非線引,都市計画用途地域指定なし,-,-
農林水産省,東京都,一般会計,普通財産(各省各庁所管),三宅村農業委員会,東京都三宅島三宅村内,19490,3134,19490,0,0,0,0,0,0,0,0,0,0,0,0,0,0,0,非線引,都市計画用途地域指定なし,-,-
農林水産省,東京都,一般会計,普通財産(各省各庁所管),青梅市農業委員会,東京都青梅市内,153406382,10558,153406382,0,0,0,0,0,0,0,0,0,0,0,0,0,0,0,非線引,都市計画用途地域指定なし,-,-
農林水産省,東京都,一般会計,普通財産(各省各庁所管),福生市農業委員会,東京都福生市内,798895206,10684,798895206,0,0,0,0,0,0,0,0,0,0,0,0,0,0,0,非線引,都市計画用途地域指定なし,-,-
農林水産省,東京都,一般会計,普通財産(各省各庁所管),羽村市農業委員会,東京都羽村市内,45685601,683,45685601,0,0,0,0,0,0,0,0,0,0,0,0,0,0,0,非線引,都市計画用途地域指定なし,-,-
農林水産省,東京都,一般会計,普通財産(各省各庁所管),あきる野市農業委員会,東京都あきる野市内,196458779,18960,196458779,0,0,0,0,0,0,0,0,0,0,0,0,0,0,0,非線引,都市計画用途地域指定なし,-,-
農林水産省,東京都,一般会計,普通財産(各省各庁所管),日の出町農業委員会,東京都西多摩郡日の出町内,42818431,2022,42818431,0,0,0,0,0,0,0,0,0,0,0,0,0,0,0,非線引,都市計画用途地域指定なし,-,-
農林水産省,東京都,一般会計,普通財産(各省各庁所管),奥多摩町農業委員会,東京都西多摩郡奥多摩町内,25006787,6473,25006787,0,0,0,0,0,0,0,0,0,0,0,0,0,0,0,非線引,都市計画用途地域指定なし,-,-
農林水産省,東京都,一般会計,普通財産(各省各庁所管),立川市農業委員会,東京都立川市内,508620500,8790,508620500,0,0,0,0,0,0,0,0,0,0,0,0,0,0,0,非線引,都市計画用途地域指定なし,-,-
農林水産省,東京都,一般会計,普通財産(各省各庁所管),武蔵野市農業委員会,東京都武蔵野市内,105315926,423,105315926,0,0,0,0,0,0,0,0,0,0,0,0,0,0,0,非線引,都市計画用途地域指定なし,-,-
農林水産省,東京都,一般会計,普通財産(各省各庁所管),三鷹市農業委員会,東京都三鷹市内,5,376,5,0,0,0,0,0,0,0,0,0,0,0,0,0,0,0,非線引,都市計画用途地域指定なし,-,-
農林水産省,東京都,一般会計,普通財産(各省各庁所管),府中市農業委員会,東京都府中市内,711990608,6181,711990608,0,0,0,0,0,0,0,0,0,0,0,0,0,0,0,非線引,都市計画用途地域指定なし,-,-
農林水産省,東京都,一般会計,普通財産(各省各庁所管),昭島市農業委員会,東京都昭島市内,1449698724,17112,1449698724,0,0,0,0,0,0,0,0,0,0,0,0,0,0,0,非線引,都市計画用途地域指定なし,-,-
農林水産省,東京都,一般会計,普通財産(各省各庁所管),調布市農業委員会,東京都調布市内,2267659511,12848,2267659511,0,0,0,0,0,0,0,0,0,0,0,0,0,0,0,非線引,都市計画用途地域指定なし,-,-
農林水産省,東京都,一般会計,普通財産(各省各庁所管),小金井市農業委員会,東京都小金井市内,565577214,8757,565577214,0,0,0,0,0,0,0,0,0,0,0,0,0,0,0,非線引,都市計画用途地域指定なし,-,-
農林水産省,東京都,一般会計,普通財産(各省各庁所管),小平市農業委員会,東京都小平市内,558800999,4204,558800999,0,0,0,0,0,0,0,0,0,0,0,0,0,0,0,非線引,都市計画用途地域指定なし,-,-
農林水産省,東京都,一般会計,普通財産(各省各庁所管),東村山市農業委員会,東京都東村山市内,1108249799,13496,1108249799,0,0,0,0,0,0,0,0,0,0,0,0,0,0,0,非線引,都市計画用途地域指定なし,-,-
農林水産省,東京都,一般会計,普通財産(各省各庁所管),国分寺市農業委員会,東京都国分寺市内,355155103,2547,355155103,0,0,0,0,0,0,0,0,0,0,0,0,0,0,0,非線引,都市計画用途地域指定なし,-,-
農林水産省,東京都,一般会計,普通財産(各省各庁所管),国立市農業委員会,東京都国立市内,90646434,1100,90646434,0,0,0,0,0,0,0,0,0,0,0,0,0,0,0,非線引,都市計画用途地域指定なし,-,-
農林水産省,東京都,一般会計,普通財産(各省各庁所管),西東京市農業委員会,東京都西東京市内,101862609,3918,101862609,0,0,0,0,0,0,0,0,0,0,0,0,0,0,0,非線引,都市計画用途地域指定なし,-,-
農林水産省,東京都,一般会計,普通財産(各省各庁所管),狛江市農業委員会,東京都狛江市内,576751025,3748,576751025,0,0,0,0,0,0,0,0,0,0,0,0,0,0,0,非線引,都市計画用途地域指定なし,-,-
農林水産省,東京都,一般会計,普通財産(各省各庁所管),清瀬市農業委員会,東京都清瀬市内,11934946,137,11934946,0,0,0,0,0,0,0,0,0,0,0,0,0,0,0,非線引,都市計画用途地域指定なし,-,-
農林水産省,東京都,一般会計,普通財産(各省各庁所管),東久留米市農業委員会,東京都東久留米市内,16828046,193,16828046,0,0,0,0,0,0,0,0,0,0,0,0,0,0,0,非線引,都市計画用途地域指定なし,-,-
農林水産省,東京都,一般会計,普通財産(各省各庁所管),武蔵村山市農業委員会,東京都武蔵村山市内,4085475,92,4085475,0,0,0,0,0,0,0,0,0,0,0,0,0,0,0,非線引,都市計画用途地域指定なし,-,-
農林水産省,東京都,一般会計,普通財産(各省各庁所管),八王子市農業委員会,東京都八王子市内,1208174675,31509,1208174673,0,0,0,0,2,0,0,0,0,0,0,0,0,0,0,非線引 外,都市計画用途地域指定なし 外,-,-
農林水産省,東京都,一般会計,普通財産(各省各庁所管),町田市農業委員会,東京都町田市内,554979321,20936,554979321,0,0,0,0,0,0,0,0,0,0,0,0,0,0,0,非線引,都市計画用途地域指定なし,-,-
農林水産省,東京都,一般会計,普通財産(各省各庁所管),日野市農業委員会,東京都日野市内,923771969,10577,923771969,0,0,0,0,0,0,0,0,0,0,0,0,0,0,0,非線引,都市計画用途地域指定なし,-,-
農林水産省,東京都,一般会計,普通財産(各省各庁所管),稲城市農業委員会,東京都稲城市内,150409670,1253,150409670,0,0,0,0,0,0,0,0,0,0,0,0,0,0,0,非線引,都市計画用途地域指定なし,-,-
農林水産省,東京都,一般会計,普通財産(各省各庁所管),多摩市農業委員会,東京都多摩市内,1,24,1,0,0,0,0,0,0,0,0,0,0,0,0,0,0,0,非線引,都市計画用途地域指定なし,-,-
農林水産省,東京都,一般会計,普通財産(各省各庁所管),小金井農委地区,東京都小金井市内,249076829,1121,249076829,0,0,0,0,0,0,0,0,0,0,0,0,0,0,0,非線引,都市計画用途地域指定なし,-,-
農林水産省,東京都,一般会計,普通財産(各省各庁所管),昭和中神地区,東京都昭島市内,40892447,1357,40892447,0,0,0,0,0,0,0,0,0,0,0,0,0,0,0,非線引,都市計画用途地域指定なし,-,-
農林水産省,東京都,一般会計,普通財産(各省各庁所管),多西農委地区,東京都あきる野市内,3002418,1964,3002418,0,0,0,0,0,0,0,0,0,0,0,0,0,0,0,非線引,都市計画用途地域指定なし,-,-
農林水産省,東京都,一般会計,普通財産(各省各庁所管),霞村今井地区,東京都青梅市内,884050866,150781,884050866,0,0,0,0,0,0,0,0,0,0,0,0,0,0,0,非線引,都市計画用途地域指定なし,-,-
農林水産省,東京都,一般会計,普通財産(各省各庁所管),霞村農委地区,東京都青梅市内,1,647,1,0,0,0,0,0,0,0,0,0,0,0,0,0,0,0,非線引,都市計画用途地域指定なし,-,-
農林水産省,東京都,一般会計,普通財産(各省各庁所管),野増農委地区,東京都大島町内,12861,1875,12861,0,0,0,0,0,0,0,0,0,0,0,0,0,0,0,非線引,都市計画用途地域指定なし,-,-
農林水産省,東京都,一般会計,普通財産(各省各庁所管),今井地区,東京都青梅市内,21993638,1594,21993638,0,0,0,0,0,0,0,0,0,0,0,0,0,0,0,非線引,都市計画用途地域指定なし,-,-
農林水産省,東京都,一般会計,普通財産(各省各庁所管),上小山田地区,東京都多摩市内,364328,3,364328,0,0,0,0,0,0,0,0,0,0,0,0,0,0,0,非線引,都市計画用途地域指定なし,-,-
農林水産省,東京都,一般会計,普通財産(各省各庁所管),下長房地区,東京都八王子市内,95692960,2633,95692960,0,0,0,0,0,0,0,0,0,0,0,0,0,0,0,非線引,都市計画用途地域指定なし,-,-
農林水産省,東京都,一般会計,普通財産(各省各庁所管),三本木地区,東京都府中市内,22993846,866,22993846,0,0,0,0,0,0,0,0,0,0,0,0,0,0,0,非線引,都市計画用途地域指定なし,-,-
農林水産省,東京都,一般会計,普通財産(各省各庁所管),回田地区,東京都東村山市内,404711614,5826,404711614,0,0,0,0,0,0,0,0,0,0,0,0,0,0,0,非線引,都市計画用途地域指定なし,-,-
農林水産省,東京都,一般会計,普通財産(各省各庁所管),新川地区,東京都調布市内,5,383,5,0,0,0,0,0,0,0,0,0,0,0,0,0,0,0,非線引,都市計画用途地域指定なし,-,-
農林水産省,東京都,一般会計,普通財産(各省各庁所管),深大寺蛇久保地区,東京都調布市内,1111073660,9948,1111073660,0,0,0,0,0,0,0,0,0,0,0,0,0,0,0,非線引,都市計画用途地域指定なし,-,-
農林水産省,東京都,一般会計,普通財産(各省各庁所管),中神第四地区,東京都昭島市内,10306136,287,10306136,0,0,0,0,0,0,0,0,0,0,0,0,0,0,0,非線引,都市計画用途地域指定なし,-,-
農林水産省,東京都,一般会計,普通財産(各省各庁所管),福生武蔵野地区,東京都福生市内,4090,174,4090,0,0,0,0,0,0,0,0,0,0,0,0,0,0,0,非線引,都市計画用途地域指定なし,-,-
農林水産省,東京都,一般会計,普通財産(各省各庁所管),喜多見地区,東京都世田谷区内,540068739,1292,540068739,0,0,0,0,0,0,0,0,0,0,0,0,0,0,0,非線引,都市計画用途地域指定なし,-,-
農林水産省,東京都,一般会計,普通財産(各省各庁所管),西砂町地区,東京都立川市内,8146218,89,8146218,0,0,0,0,0,0,0,0,0,0,0,0,0,0,0,非線引,都市計画用途地域指定なし,-,-
農林水産省,東京都,一般会計,普通財産(各省各庁所管),柳窪地区,東京都東久留米市内,6,2020,6,0,0,0,0,0,0,0,0,0,0,0,0,0,0,0,非線引,都市計画用途地域指定なし,-,-
農林水産省,林野庁,一般会計,普通財産(各省各庁所管),森林総合研究所職員宿舎第９号,東京都大田区石川町１−１２８−５,30188604,89,30188600,31.4,54.54,1,0,3,0,0,0,0,0,0,0,0,0,0,市街化区域,第一種低層住居専用地域,-,-
農林水産省,林野庁,一般会計,普通財産(各省各庁所管),林野庁,東京都千代田区霞が関１−２−１,0,0,0,0,0,0,0,0,0,0,0,0,0,0,4,0,0,0,-,-,-,-
農林水産省,関東森林管理局,一般会計,普通財産(各省各庁所管),（関東森林管理局）江東区,東京都江東区東陽６−１−５外４,16002012,156,16002012,0,0,0,0,0,0,0,0,0,0,0,0,0,0,0,市街化区域,第一種住居地域,60,300
農林水産省,関東森林管理局,一般会計,普通財産(各省各庁所管),（東京神奈川森林管理署）三宅村,東京都三宅島三宅村大字坪田,211132,4307,211132,0,0,0,0,0,0,0,0,0,0,0,0,0,0,0,都市計画区域外,都市計画用途地域指定なし,-,-
農林水産省,関東森林管理局,一般会計,普通財産(各省各庁所管),（東京神奈川森林管理署）八丈町,東京都八丈島八丈町三根外,13902255,253275,13902255,0,0,0,0,0,0,0,0,0,0,0,0,0,0,0,非線引,都市計画用途地域指定なし,70,200
農林水産省,関東森林管理局,一般会計,普通財産(各省各庁所管),（東京神奈川森林管理署）青ヶ島村,東京都青ケ島村越川外,172408,9537,172408,0,0,0,0,0,0,0,0,0,0,0,0,0,0,0,都市計画区域外,都市計画用途地域指定なし,-,-
農林水産省,関東森林管理局,一般会計,普通財産(各省各庁所管),（東京神奈川森林管理署）八王子市,東京都八王子市高尾町,6154,68,6154,0,0,0,0,0,0,0,0,0,0,0,0,0,0,0,市街化調整区域,都市計画用途地域指定なし,60,200
農林水産省,関東森林管理局,一般会計,普通財産(各省各庁所管),（小笠原総合事務所）小笠原村,東京都小笠原村父島境浦８４番５外,684575,6562,684575,0,0,0,0,0,0,0,0,0,0,0,0,0,0,0,非線引,都市計画用途地域指定なし,70,200
農林水産省,水産庁,一般会計,普通財産(各省各庁所管),水産本庁,東京都千代田区霞が関１—２—１,0,0,0,0,0,0,0,0,0,0,0,0,0,0,1,0,0,0,-,-,-,-
農林水産省,経営局,東日本大震災復興特別会計,普通財産(各省各庁所管),東日本大震災復興特別会計危機対応円滑化業務勘定,東京都千代田区霞が関１−２−１,1000652679,0,0,0,0,0,0,0,0,0,0,0,0,0,0,0,1000652679,0,-,-,-,-
農林水産省,経営局,東日本大震災復興特別会計,普通財産(各省各庁所管),東日本大震災復興特別会計農林水産業者向け業務勘定,東京都千代田区霞が関１−２−１,32285807443,0,0,0,0,0,0,0,0,0,0,0,0,0,0,0,32285807443,0,-,-,-,-
農林水産省,関東農政局,食料安定供給特別会計（食糧管理勘定）,普通財産(各省各庁所管),旧東京農政事務所立川政府倉庫,東京都立川市緑町３２５６−５,7546016123,22420,7017494430,8311.48,16216.72,498319446,1816189,28386058,0,0,0,0,0,0,0,0,0,0,市街化区域,第二種住居地域,60,200
農林水産省,関東農政局,食料安定供給特別会計（食糧管理勘定）,普通財産(各省各庁所管),旧東京農政事務所立川庁舎,東京都立川市緑町３２５６−５,73574950,0,0,301.98,696.44,64448536,0,9126414,0,0,0,0,0,0,0,0,0,0,-,-,-,-
経済産業省,大臣官房会計課,一般会計,普通財産(各省各庁所管),大臣官房会計課,東京都千代田区霞が関１—９,0,0,0,0,0,0,0,0,0,0,0,0,0,0,39,0,0,0,-,-,-,-
経済産業省,大臣官房会計課,貿易再保険特別会計,普通財産(各省各庁所管),大臣官房会計課,東京都千代田区霞が関１—９,399862642837,0,0,0,0,0,0,0,0,0,0,0,0,0,0,0,399862642837,0,-,-,-,-
経済産業省,大臣官房会計課,特許特別会計,普通財産(各省各庁所管),大臣官房会計課,東京都千代田区霞が関１—９,1128998439,0,0,0,0,0,0,0,0,0,0,0,0,0,0,0,1128998439,0,-,-,-,-
経済産業省,大臣官房会計課,エネルギー対策特別会計（エネルギー需給勘定）,普通財産(各省各庁所管),大臣官房会計課,東京都千代田区霞が関１—９,1616448,0,0,0,0,0,0,0,0,0,0,0,0,0,66,1616448,0,0,-,-,-,-
経済産業省,大臣官房会計課,エネルギー対策特別会計（エネルギー需給勘定）,普通財産(各省各庁所管),独立行政法人新エネルギー・産業技術総合開発機構旧白金研修センター,東京都港区白金台４−２７３−５７,449485044,1030,344732183,387.64,2073.73,104185599,0,567262,0,0,0,0,0,0,0,0,0,0,市街化区域,第一種住居地域,-,-
経済産業省,大臣官房会計課,エネルギー対策特別会計（電源開発促進勘定）,普通財産(各省各庁所管),大臣官房会計課,東京都千代田区霞が関１—９,0,0,0,0,0,0,0,0,0,0,0,0,0,0,33,0,0,0,-,-,-,-
経済産業省,大臣官房会計課,エネルギー対策特別会計（電源開発促進勘定）,普通財産(各省各庁所管),独立行政法人新エネルギー・産業技術総合開発機構旧白金研修センター,東京都港区白金台４−２７３−５７,239894050,1030,183986278,387.64,2073.73,55605012,0,302760,0,0,0,0,0,0,0,0,0,0,市街化区域,第一種住居地域,-,-
経済産業省,大臣官房会計課,東日本大震災復興特別会計,普通財産(各省各庁所管),大臣官房会計課,東京都千代田区霞ヶ関１−９,5011307231,0,0,0,0,0,0,0,0,0,0,0,0,0,0,0,5011307231,0,-,-,-,-
経済産業省,資源エネルギー庁,エネルギー対策特別会計（エネルギー需給勘定）,普通財産(各省各庁所管),資源エネルギー庁,東京都千代田区霞が関,883658832362,0,2556031,132.58,132.58,12745710,0,0,0,0,0,0,0,0,0,0,883643530621,0,市街化区域,第二種住居地域,60,200
経済産業省,資源エネルギー庁,エネルギー対策特別会計（電源開発促進勘定）,普通財産(各省各庁所管),資源エネルギー庁,東京都千代田区霞が関１−３−１,727172275,0,0,0,0,0,0,0,0,0,0,0,0,0,0,0,727172275,0,-,-,-,-
経済産業省,資源エネルギー庁,エネルギー対策特別会計（原子力損害賠償支援勘定）,普通財産(各省各庁所管),資源エネルギー庁,東京都千代田区霞が関１−３−１,7000000000,0,0,0,0,0,0,0,0,0,0,0,0,0,0,0,7000000000,0,-,-,-,-
経済産業省,資源エネルギー庁,東日本大震災復興特別会計,普通財産(各省各庁所管),資源エネルギー庁,東京都千代田区霞が関１−３−１,14891019319,0,0,0,0,0,0,0,0,0,0,0,0,0,0,0,14891019319,0,-,-,-,-
経済産業省,中小企業庁,東日本大震災復興特別会計,普通財産(各省各庁所管),中小企業庁,東京都千代田区霞が関１−３−１,264224994931,0,0,0,0,0,0,0,0,0,0,0,0,0,0,0,264224994931,0,-,-,-,-
国土交通省,関東地方整備局,一般会計,普通財産(各省各庁所管),福生市北田園１−５５−１７,東京都福生市北田園１−５５−１７,16200800,147,16200800,0,0,0,0,0,0,0,0,0,0,0,0,0,0,0,市街化区域,第一種低層住居専用地域,50,150
国土交通省,関東地方整備局,一般会計,普通財産(各省各庁所管),東京都大田区本羽田３丁目９８０−２外６筆,東京都大田区本羽田３丁目９８０−２外６筆,61320889,270,61320889,0,0,0,0,0,0,0,0,0,0,0,0,0,0,0,市街化区域,第一種住居地域,60,200
国土交通省,関東地方整備局,一般会計,普通財産(各省各庁所管),東京都三鷹市北野一丁目９６３番２２,東京都三鷹市北野一丁目９６３番２２,187675785,843,187675785,0,0,0,0,0,0,0,0,0,0,0,0,0,0,0,市街化区域,第一種低層住居専用地域,40,80
国土交通省,関東地方整備局,一般会計,普通財産(各省各庁所管),東京都三鷹市北野一丁目９７０番１６外２筆,東京都三鷹市北野一丁目９７０番１６,73597500,327,73597500,0,0,0,0,0,0,0,0,0,0,0,0,0,0,0,市街化区域,第一種低層住居専用地域,40,80
国土交通省,関東地方整備局,一般会計,普通財産(各省各庁所管),東京外かく環状道路代替地,東京都調布市入間町二丁目４−８他,1151771799,5096,1151771799,0,0,0,0,0,0,0,0,0,0,0,0,0,0,0,市街化区域,第一種低層住居専用地域 外,40,80
国土交通省,大臣官房会計課,自動車安全特別会計（自動車検査登録勘定）,普通財産(各省各庁所管),国土交通本省,東京都千代田区霞が関２—１—３,25422743067,0,0,0,0,0,0,0,0,0,0,0,0,0,0,0,25422743067,0,-,-,-,-
国土交通省,大臣官房会計課,自動車安全特別会計（自動車事故対策勘定）,普通財産(各省各庁所管),国土交通本省,東京都千代田区霞が関２—１—３,9031619298,0,0,0,0,0,0,0,0,0,0,0,0,0,0,0,9031619298,0,-,-,-,-
国土交通省,関東地方整備局,自動車安全特別会計（空港整備勘定）,普通財産(各省各庁所管),東京空港整備事務所,東京都大田区羽田空港内,2485048,0,0,0,0,0,0,0,0,0,0,0,0,0,1,2485048,0,0,-,-,-,-
国土交通省,航空局,自動車安全特別会計（空港整備勘定）,普通財産(各省各庁所管),国土交通省航空局,東京都大田区羽田空港１丁目１２−１,805833786227,0,0,3826.67,4864.41,26428169,0,2609183,0,0,0,0,0,0,0,0,805804748875,0,-,-,-,-
国土交通省,航空局,自動車安全特別会計（空港整備勘定）,普通財産(各省各庁所管),東京航空交通管制部旧マイクロ波中継施設,東京都東久留米市上の原２−２−３０,27764763,4523,27764763,0,0,0,0,0,0,0,0,0,0,0,0,0,0,0,市街化区域,第一種中高層住居専用地域,60,200
国土交通省,東京航空局,自動車安全特別会計（空港整備勘定）,普通財産(各省各庁所管),大子全方向式航空無線標識所,茨城県久慈郡大子町大字大子字坪沢１５５５−５　外,221152334,20662,186453199,0,0,0,0,34699135,0,0,0,0,0,0,0,0,0,0,非線引,都市計画用途地域指定なし,-,-
国土交通省,東京航空局,自動車安全特別会計（空港整備勘定）,普通財産(各省各庁所管),日高市旭ヶ丘地区,埼玉県日高市１８１−４　外,4062319,197,4062319,0,0,0,0,0,0,0,0,0,0,0,0,0,0,0,市街化調整区域,都市計画用途地域指定なし,70,200
国土交通省,東京航空局,自動車安全特別会計（空港整備勘定）,普通財産(各省各庁所管),仙台対空通信所,宮城県亘理郡山元町小平字北柳沢３５−１６,100057663,37729,92656172,0,0,0,0,7401491,0,0,0,0,0,0,0,0,0,0,市街化調整区域,都市計画用途地域指定なし,70,200
国土交通省,東京航空局,自動車安全特別会計（空港整備勘定）,普通財産(各省各庁所管),友部航空無線通信所,茨城県笠間市旭町字旭崎６５５,59530763,4408,59530763,0,0,0,0,0,0,0,0,0,0,0,0,0,0,0,市街化調整区域,都市計画用途地域指定なし,70,400
国土交通省,東京航空局,自動車安全特別会計（空港整備勘定）,普通財産(各省各庁所管),那須ＶＯＲ／ＤＭＥ地区,栃木県大田原市藤沢字小郷野下１２２−１１０　外,3808322,1117,3808322,0,0,0,0,0,0,0,0,0,0,0,0,0,0,0,非線引,都市計画用途地域指定なし,-,-
国土交通省,東京航空局,自動車安全特別会計（空港整備勘定）,普通財産(各省各庁所管),福島空港ミドルマーカー,福島県石川郡玉川村大字小高字戸ノ内１３５−１０３,8489474,1500,8481961,0,0,0,0,7513,0,0,0,0,0,0,0,0,0,0,非線引,都市計画用途地域指定なし,60,200
国土交通省,東京航空局,自動車安全特別会計（空港整備勘定）,普通財産(各省各庁所管),茅ヶ崎航空無線標識所,神奈川県茅ケ崎市南湖７−１２９８４−１６,444835283,2868,444778719,0,0,0,0,56564,0,0,0,0,0,0,0,0,0,0,市街化区域,第一種低層住居専用地域,50,100
国土交通省,東京航空局,自動車安全特別会計（空港整備勘定）,普通財産(各省各庁所管),差木地第１宿舎,東京都大島町差木地字下フギ　他,29699144,11664,29638986,0,0,0,55346,4812,0,0,0,0,0,0,0,0,0,0,市街化調整区域,都市計画用途地域指定なし,70,400
国土交通省,東京航空局,自動車安全特別会計（空港整備勘定）,普通財産(各省各庁所管),中標津空港コンパスロケーター,北海道標津郡中標津町字上標津９０−３,199565,1893,179880,0,0,0,0,19685,0,0,0,0,0,0,0,0,0,0,非線引,都市計画用途地域指定なし,60,200
国土交通省,東京航空局,自動車安全特別会計（空港整備勘定）,普通財産(各省各庁所管),中標津空港ミドルマーカー,北海道標津郡中標津町北中２５−１６,242921,333,31615,0,0,0,0,211306,0,0,0,0,0,0,0,0,0,0,非線引,都市計画用途地域指定なし,60,200
国土交通省,東京航空局,自動車安全特別会計（空港整備勘定）,普通財産(各省各庁所管),中標津空港アウターマーカー,北海道標津郡中標津町字西竹７１−１０,287789,388,32626,0,0,0,0,255163,0,0,0,0,0,0,0,0,0,0,非線引,都市計画用途地域指定なし,60,200
国土交通省,東京航空局,自動車安全特別会計（空港整備勘定）,普通財産(各省各庁所管),江東ＶＯＲ／ＤＭＥ,東京都江東区青海２丁目地先,252012490,10000,251875763,0,0,0,0,136727,0,0,0,0,0,0,0,0,0,0,市街化区域,準工業地域,60,200
国土交通省,東京航空局,自動車安全特別会計（空港整備勘定）,普通財産(各省各庁所管),新潟アウターマーカー,新潟県新潟市北区笹山字焼山２４５４−２　外,18458881,2249,18354378,0,0,0,0,104503,0,0,0,0,0,0,0,0,0,0,市街化調整区域,都市計画用途地域指定なし,70,200
国土交通省,東京航空局,自動車安全特別会計（空港整備勘定）,普通財産(各省各庁所管),横須賀ＮＤＢ,神奈川県横須賀市長井４丁目,124643460,4750,124143125,0,0,0,0,500335,0,0,0,0,0,0,0,0,0,0,市街化調整区域,都市計画用途地域指定なし,30,50
国土交通省,東京航空局,自動車安全特別会計（空港整備勘定）,普通財産(各省各庁所管),御宿航空無線標識所,千葉県夷隅郡御宿町岩和田東大谷１１７１−３,11930086,1413,11486094,0,0,0,0,443992,0,0,0,0,0,0,0,0,0,0,非線引,都市計画用途地域指定なし,60,200
国土交通省,東京航空局,自動車安全特別会計（空港整備勘定）,普通財産(各省各庁所管),御宿宿舎,千葉県夷隅郡御宿町新町字仙人塚３４７−１,14607398,788,13886737,0,0,0,0,720661,0,0,0,0,0,0,0,0,0,0,市街化区域,第一種住居地域,60,200
国土交通省,東京航空局,自動車安全特別会計（空港整備勘定）,普通財産(各省各庁所管),箱根航空位置通報所,神奈川県足柄下郡箱根町芦の湯字二夕子８４−３１　外,2798040,1189,2737538,0,0,0,0,60502,0,0,0,0,0,0,0,0,0,0,非線引,都市計画用途地域指定なし,-,-
国土交通省,東京航空局,自動車安全特別会計（空港整備勘定）,普通財産(各省各庁所管),釧路空港ミドルマーカー,北海道釧路市駒牧１−２，１−６,478948,1226,472194,0,0,0,0,6754,0,0,0,0,0,0,0,0,0,0,非線引,都市計画用途地域指定なし,60,200
国土交通省,東京航空局,自動車安全特別会計（空港整備勘定）,普通財産(各省各庁所管),釧路空港アウターマーカー,北海道釧路市阿寒町上阿寒２１線３８−１８,1252747,1808,1252743,0,0,0,0,4,0,0,0,0,0,0,0,0,0,0,非線引,都市計画用途地域指定なし,60,200
国土交通省,東京航空局,自動車安全特別会計（空港整備勘定）,普通財産(各省各庁所管),函館ＩＬＳミドルマーカー,北海道函館市湯川町３丁目１４番２,5451683,130,5451682,0,0,0,0,1,0,0,0,0,0,0,0,0,0,0,非線引,都市計画用途地域指定なし,-,-
国土交通省,東京航空局,自動車安全特別会計（空港整備勘定）,普通財産(各省各庁所管),女満別空港ミドルマーカー,北海道網走郡大空町女満別中央３０８番１３,75902,309,75900,0,0,0,0,2,0,0,0,0,0,0,0,0,0,0,非線引,都市計画用途地域指定なし,-,-
国土交通省,東京航空局,自動車安全特別会計（空港整備勘定）,普通財産(各省各庁所管),女満別空港アウターマーカーコンパスロケーター,北海道網走市字二見ヶ岡１５４番７,340224,541,220223,0,0,0,0,120001,0,0,0,0,0,0,0,0,0,0,非線引,都市計画用途地域指定なし,-,-
国土交通省,東京航空局,自動車安全特別会計（空港整備勘定）,普通財産(各省各庁所管),焼津ＮＤＢ,静岡県焼津市大島新田字横廻し６４７−１　外,221805115,8117,221788007,0,0,0,0,17108,0,0,0,0,0,0,0,0,0,0,市街化区域,準工業地域,-,-
国土交通省,東京航空局,自動車安全特別会計（空港整備勘定）,普通財産(各省各庁所管),大賀郷宿舎,東京都八丈島八丈町大賀郷２３５４−２,35903701,992,9474671,229.2,650.28,24103478,0,2325552,0,0,0,0,0,0,0,0,0,0,非線引,都市計画用途地域指定なし,70,200
国土交通省,東京航空局,自動車安全特別会計（空港整備勘定）,普通財産(各省各庁所管),三根宿舎,東京都八丈島八丈町三根４５９８−１０,84290003,695,7059101,267.94,1009.87,74917536,0,2313366,0,0,0,0,0,0,0,0,0,0,非線引,都市計画用途地域指定なし,70,200
国土交通省,東京航空局,自動車安全特別会計（空港整備勘定）,普通財産(各省各庁所管),長岡宿舎,新潟県長岡市西津町字本田２１９５−３,95385107,1853,65760485,301.3,1188.37,27896625,0,1727997,0,0,0,0,0,0,0,0,0,0,市街化区域,第一種中高層住居専用地域,60,400
国土交通省,東京航空局,自動車安全特別会計（空港整備勘定）,普通財産(各省各庁所管),大和航空路監視レーダー事務所,神奈川県大和市柳橋四丁目４９６３−１　外,421876974,5403,421460520,0,0,0,0,416454,0,0,0,0,0,0,0,0,0,0,市街化区域,準工業地域,60,200
国土交通省,東京航空局,自動車安全特別会計（空港整備勘定）,普通財産(各省各庁所管),蟹ヶ谷マイクロ,神奈川県川崎市高津区蟹ヶ谷字西田原２１６　外,2117695,1196,1955814,0,0,0,161878,3,0,0,0,0,0,0,0,0,0,0,市街化区域,第一種中高層住居専用地域,30,60
国土交通省,東京航空局,自動車安全特別会計（空港整備勘定）,普通財産(各省各庁所管),蟹ヶ谷宿舎,神奈川県川崎市高津区蟹ヶ谷字西田原２１５　外,404390612,4121,383254860,721.93,1730.79,16437850,1634049,3063853,0,0,0,0,0,0,0,0,0,0,市街化区域,第一種中高層住居専用地域,60,200
国土交通省,東京航空局,自動車安全特別会計（空港整備勘定）,普通財産(各省各庁所管),館山ＮＤＢ,千葉県館山市北条字段所５２０−２,196933672,9068,195878736,0,0,0,0,1054936,0,0,0,0,0,0,0,0,0,0,市街化区域,準工業地域,-,-
環境省,環境省総合環境政策局,東日本大震災復興特別会計,普通財産(各省各庁所管),中間貯蔵・環境安全事業株式会社普通株式,東京都千代田区霞が関１−２−２,2865150830,0,0,0,0,0,0,0,0,0,0,0,0,0,0,0,2865150830,0,-,-,-,-
防衛省,大臣官房会計課,一般会計,普通財産(各省各庁所管),旧防衛省市ヶ谷庁舎,東京都新宿区市谷本村町４２,946491,0,0,0,0,0,0,946491,0,0,0,0,0,0,0,0,0,0,-,-,-,-
防衛省,陸上幕僚監部,一般会計,普通財産(各省各庁所管),陸上幕僚監部,東京都新宿区市谷本村町４２,1,0,0,0,0,0,0,0,0,0,1,1,0,0,0,0,0,0,-,-,-,-
防衛省,陸上幕僚監部,一般会計,普通財産(各省各庁所管),陸上幕僚監部,東京都新宿区市谷本村町４２,1,0,0,0,0,0,0,0,0,0,1,1,0,0,0,0,0,0,-,-,-,-
防衛省,陸上幕僚監部,一般会計,普通財産(各省各庁所管),陸上幕僚監部,東京都新宿区市谷本村町４２,1,0,0,0,0,0,0,0,0,0,1,1,0,0,0,0,0,0,-,-,-,-
防衛省,北関東防衛局,一般会計,普通財産(各省各庁所管),ＦＡＣ３００４赤坂プレスセンター,東京都港区六本木,31173717,0,0,0,0,0,0,31173717,0,0,0,0,0,0,0,0,0,0,-,-,-,-
防衛省,北関東防衛局,一般会計,普通財産(各省各庁所管),ＦＡＣ３０１３横田飛行場,東京都福生市大字熊川ほか,7491365410,0,0,10106.37,21154.09,1854918454,0,5636446956,0,0,0,0,0,0,0,0,0,0,-,-,-,-
