16,2014,厚生労働省,422,労災保険給付業務に必要な経費,開始年度：昭和31年度終了(予定)年度：終了予定なし,労働基準局,労災管理課,労働保険特別会計労災勘定,Ⅲ-３-１迅速かつ適正な労災保険給付を行い、被災労働者等の保護を図ること,労働者災害補償保険法（昭和22年法律第50号）特別会計に関する法律第99条第1項第2号,-,IT戦略、男女共同参画,労災保険給付は、労働基準法上の事業主の災害補償責任を担保するための制度であり、労働者の業務上又は通勤による負傷、疾病、障害、死亡等に対して、迅速かつ公正な保護をするため、必要な保険給付を行うものであるが、本事務費はこの労災保険給付事業をより円滑に行うことを目的とする。,被災労働者に対する労災保険給付業務に必要な事務の実施（システムの借上げ及び通信に係る費用の支出、事務用品の購入等）。,直接実施,http://www.mhlw.go.jp/jigyo_shiwake/gyousei_review_sheet/2014/h25_xls_saisyu/422.xls
31,2015,厚生労働省,434,労災保険給付業務に必要な経費,昭和３１年度～終了予定なし,労働基準局,労災管理課,労働保険特別会計労災勘定,Ⅲ-３-１迅速かつ適正な労災保険給付を行い、被災労働者等の保護を図ること,労働者災害補償保険法（昭和22年法律第50号）特別会計に関する法律第99条第1項第2号,-,男女共同参画,労災保険給付は、労働基準法上の事業主の災害補償責任を担保するための制度であり、労働者の業務上又は通勤による負傷、疾病、障害、死亡等に対して、迅速かつ公正な保護をするため、必要な保険給付を行うものであるが、本事務費はこの労災保険給付事業をより円滑に行うことを目的とする。,被災労働者に対する労災保険給付業務に必要な事務の実施（システムの借上げ及び通信に係る費用の支出、事務用品の購入等）。,直接実施,http://www.mhlw.go.jp/jigyo_shiwake/gyousei_review_sheet/2015/h26_pdf_saisyu/434.pdf
37,2015,厚生労働省,473,労働保険適用徴収業務に必要な経費,昭和４７年度～終了予定なし,労働基準局,労働保険徴収課,労働保険特別会計徴収勘定,労働保険適用促進及び労働保険料等の適正徴収を図ること（Ⅲ-8-1）,労働保険の保険料の徴収等に関する法律第10条第1項,-,,労働保険の適正な適用及び労働保険料の適正な徴収を図ること。,労働保険の適用対象事業（原則として、労働者を1人以上雇用する全ての事業に適用される）の把握・加入勧奨、労働保険事務組合の育成、納入督励などの労働保険の適用促進及び適正徴収に係る業務を実施する。,直接実施、委託・請負,http://www.mhlw.go.jp/jigyo_shiwake/gyousei_review_sheet/2015/h26_pdf_saisyu/473.pdf
74,2016,厚生労働省,432,労災保険給付業務に必要な経費,昭和３１年度～終了予定なし,労働基準局,労災管理課,労働保険特別会計労災勘定,,労働者災害補償保険法（昭和22年法律第50号）特別会計に関する法律第99条第1項第2号,－,男女共同参画,労災保険給付は、労働基準法上の事業主の災害補償責任を担保するための制度であり、労働者の業務上又は通勤による負傷、疾病、障害、死亡等に対して、迅速かつ公正な保護をするため、必要な保険給付を行うものであるが、本事務費はこの労災保険給付事業をより円滑に行うことを目的とする。,被災労働者に対する労災保険給付業務に必要な事務の実施（システムの借上げ及び通信に係る費用の支出、事務用品の購入等）。,直接実施,http://www.mhlw.go.jp/jigyo_shiwake/gyousei_review_sheet/2016/h27_pdf_saisyu/432.pdf
75,2016,厚生労働省,472,労働保険適用徴収業務に必要な経費,昭和４７年度～終了予定なし,労働基準局,労働保険徴収課,労働保険特別会計徴収勘定,,労働保険の保険料の徴収等に関する法律第10条第1項,-,-,労働保険の適正な適用及び労働保険料の適正な徴収を図ること。,労働保険の適用対象事業（原則として、労働者を1人以上雇用する全ての事業に適用される）の把握・加入勧奨、労働保険事務組合の育成、納入督励などの労働保険の適用促進及び適正徴収に係る業務を実施する。,直接実施、委託・請負,http://www.mhlw.go.jp/jigyo_shiwake/gyousei_review_sheet/2016/h27_pdf_saisyu/472.pdf
