10020,2015,人事院,03-01,人事・給与業務関係情報システムの改修等,平成26年度末に策定される「人事給与業務効率化に向けた改善計画」に基づく改修、マイナンバー及び年金制度改革等の制度改正に対応するための改修を実施する。,継続,人事・給与等業務・システム最適化計画（平成16年2月27日・各府省情報化統括責任者（CIO）連絡会議決定、最終改定平成24年1月17日）に基づき、人事・給与等業務の共通化・効率化を図るとともに、システムの運用等に係る政府全体の経費の最小限化を行う。また同時に、安全性・信頼性の確保及び個人情報の保護を実現する。,現在各府省等が必要に応じて個別にシステム化を実施している人事・給与等業務について、上記「人事・給与等業務・システム最適化計画」に基づき、各府省が共同で利用する「人事・給与関係業務情報システム」を新たに構築することにより、情報システムの統一化・集中化、情報の電子化と処理の自動化等による業務の効率化を目指す。人事・給与システムが処理する人事・給与等業務は、各府省等が実施している採用、人事異動、退職、分限、懲戒、昇格・昇給等による俸給決定、扶養手当・住居手当・通勤手当・単身赴任手当等の申請・認定、給与の支給（月次給与計算、期末・勤勉手当計算、年末調整等）、勤務時間・休暇、人事・給与関係の調査、共済組合の組合員資格及び被扶養者の申告・認定、標準報酬等級の決定などに係る業務である。,2003,2016,1654141000,17111944000
10075,2015,総務省,10-01,調達総合情報システムの政府共通プラットフォーム移行,物品・役務等の入札参加資格について全省庁統一参加資格審査の実施及び調達情報の提供を行う調達総合情報システムについて、政府共通プラットフォームへの移行を行う。また、マイナンバー法の成立を受け、平成27年10月から通知・公表される法人番号を利活用した企業の基本情報（商号等）、資格審査情報（登記情報、資格の種類・等級等）を一元的に管理・情報共有するための機能等の開発・試行等を行う。,継続,政府調達（公共事業を除く）手続の電子化に係る取組みの一環として、政府内における調達情報の一元提供や入札参加資格審査の統一を図り、入札参加企業の利便性の向上及び負担軽減並びに行政事務の効率化を目的として、物品・役務等の入札参加資格について全省庁統一参加資格審査を実施する。,政府調達（公共事業を除く）手続きについて、全省庁統一資格の審査・結果通知書の発行・有資格者名簿の管理及び入札公告・落札公告等の調達情報の公開を行っている。,2010,2015,194786000,256471000
10590,2015,文部科学省,15-02,高等学校等就学支援金制度業務システムの構築,●国立高校の生徒に対する就学支援金の支給に当たり、支給権者たる文部科学省が、マイナンバーを用いて市町村から市町村民税所得割に係る情報を取得し、支給決定等を行うこととするため、文部科学省にマイナンバー関連システムと、業務システム（照会サーバ）の整備を行う。,新規,●高等学校等就学支援金の支給に関する法律（平成22年法律第18号）に基づき、高等学校等の生徒等は、その授業料に充てるために高等学校等就学支援金（月額9900円。以下「就学支援金」という。）の支給を受けることができる。●就学支援金の支給を受けるためには、生徒等は、学校を通じて都道府県知事、都道府県教育委員会又は文部科学大臣から受給資格の認定を受ける必要がある。就学支援金は、生徒等の在学する高等学校等の設置者が、当該生徒等に代理して受領し、当該生徒等の授業料債権の弁済に充てるものとされている。●就学支援金の支給権者は、私立高校の場合は都道府県知事、公立高校の場合は都道府県教育委員会、国立高校の場合は文部科学大臣となっている。国立高校の生徒に対する就学支援金については、文部科学省において受給資格認定申請の受付から支給までの事務を実施している。現行制度においては、就学支援金の支給に際しては、生徒の保護者の所得が一定基準以下（保護者の市町村民税所得割額が304200円未満(※年収約910万円未満))であることが要件となっており、申請者たる生徒は、申請書とともに保護者の課税証明書等を提出しなければならない（加えて、毎年１回、収入状況届出書を提出）。,以下の業務・手続きのうち、②、④がシステム化され、電子的に処理される。①受給資格認定申請の受理（４月入学時）→生徒から提出された申請書・課税証明書を各学校においてとりまとめ、各学校は申請者一覧を作成（申請者一覧において、生徒氏名と保護者等の課税額を記載）。申請者一覧・申請書類を、各学校から文部科学省に提出。②受給資格認定に係る審査・認定・支給額の決定→文部科学省において、各学校から提出された一覧及び申請書類を基に、申請者の受給資格・支給額について審査。受給資格認定の可否等について、事務システムに入力し、申請者に対する回答の通知書を出力。各学校を通じて、申請者に対して通知書を送付する。③収入状況届出書の受付（毎年７月頃）、→生徒から提出された届出書・課税証明書を各学校においてとりまとめ、各学校は届出者一覧を作成（届出者一覧において、生徒氏名と保護者等の課税額を記載）。届出者一覧・届出書類を、各学校から文部科学省に提出。④収入状況届出書の審査→文部科学省において、各学校から提出された一覧及び届出書類を基に、届出者の受給資格・支給額について審査。受給資格認定の可否等について、事務システムに入力し、届出者に対する回答の通知書を出力。各学校を通じて、届出者に対して通知書を送付。,2015,2017,532568000,999210000
20127,2016,法務省,15-01,戸籍事務における番号制度対応のための業務・システムの在り方に係る調査研究,戸籍事務については，マイナンバーの利用範囲には含まれていないところ，年金事務等の戸籍を確認する必要のある行政手続について，効率化を十分に図ることができない現状にあることから，創造宣言及び同工程表にも利活用範囲拡大の検討対象として取り上げられている。戸籍事務においてマイナンバーを利用するためには，約１，８００の市区町村において個別に構築されている戸籍情報システムを改修する等の措置が必要となるが，創造宣言において，システムの更改時期等に合わせて業務改革（ＢＰＲ）を徹底することとされていることから，改修等の措置に併せて，番号制度を利用した業務改革についても実施する必要がある。前記のとおり，戸籍情報システムは，約１，８００の市区町村において個別に構築されている現状にあることから，番号制度の円滑な導入に向けた方策や業務改革の内容等を検討するに当たっては，既存業務への影響調査を含む詳細な業務分析や各市区町村のシステム更改時期等を踏まえた上で，クラウド化を含めたシステム再構築の実現可能性，投資対効果の検討等を行う必要がある。そこで，戸籍事務にマイナンバーを導入するための業務・システムの在り方について，調査研究を実施し，その結果を踏まえ，制度の改正やシステムの設計・開発等を実施し，戸籍事務の番号制度への対応を円滑に進める。,継続,戸籍法（昭和２２年法律第２２４号）に基づき，人の親族的身分関係（氏名，性別，出生に関する事項，親子関係，夫婦関係，死亡に関する事項等）を各市区町村に備えられた戸籍に登録，公証する制度。戸籍事務の管掌者は市区町村長とされ（戸籍法第１条第１項），戸籍事務は法定受託事務（地方自治法（昭和２２年法律第６７号）第２条第９項第１号，戸籍法第１条第２項，第４条）として各市区町村で実施されている。全国で統一した事務処理を実施するため，国の関与が法定されており，法務大臣の基準制定（戸籍法第３条第１項），法務局長等の求報告，助言，勧告及び指示（同条第２項）を通じて，戸籍事務の適正迅速な処理を図ることとされている。,戸籍事務を処理するためのシステムは，法務省において標準的な仕様を定めており，当該仕様に対応したシステムを各市区町村が個別に導入している（平成27年4月1日現在で約98％の市区町村において導入）。同システムでは，戸籍制度における届出の受付，審査，受理決定，記載，決裁処理（戸籍の作成），通知書等発行（他市区町村，保健所，税務署等向け），統計処理，証明書発行等の一連の事務を処理しており，従来の紙の戸籍簿を前提とした事務処理に比べて，処理の迅速化，適正化が図られている。,2015,2016,99035000,198096000
20218,2016,財務省,16-13,相続税等の特例適用の情報等の管理事務の効率化,相続税等に関する特例適用の情報等についてマイナンバーを活用して管理できる機能を開発する。また、継続管理の対象者については、整理番号を持たない者もいるため、共通管理システムや住民基本台帳ネットワークシステムへ直接照会できる機能を構築し、マイナンバーと紐付けることにより、継続管理対象者の管理や申告審理事務の効率化を図るとともに、適切な管理を実現することにより、課税ミスや課税遅延の発生を防止し、納税者等の利便性の向上を図る。,新規,国税関係業務は、申告書等の収受、申告の処理、申請・届出等の処理、納税者管理、収納・還付、滞納整理、調査・指導、犯則の取締り、資料情報の収集・管理、税務一般に関する相談等の業務により構成されている。これらの一連の業務の処理には、KSKシステムを利用しており、KSK資産税システムもこれらのひとつである。また、KSK資産税システムの中に、サブシステムとしてKSK相続税システム、贈与税システム、譲渡所得システム、継続管理システムなどがあり、各税法に基づき提出等される上記業務について、国税庁の任務である「適正かつ公平な課税及び徴収の実現」を達成するため、一元的に管理している基幹となるシステムである。,KSK相続税システムは、①市区町村から提出される相続税法第58条通知書情報を基に、システムにより各種資料情報とマッチングし、課税が見込まれる事案を申告案内対象事案として抽出する機能、②提出された申告書の処理を行う申告事績管理機能、③収集・管理している資料情報を出力して活用する蓄積資料の活用機能、④申告書が提出された事案や無申告事案の審理を行った結果を管理する申告審理事績管理機能、⑤税務調査の結果などを管理する調査事績管理機能、⑥更正・決定及び修正申告書の処理や加算税の賦課決定などを管理する賦課事績管理機能があり、相続税における一連の事務処理を行う基幹システムである。また、KSK贈与税システムや譲渡所得システムは、①収集した資料情報から申告書の提出が必要と思われる事案について抽出する要処理事案選定機能、②①により抽出した者に対し、お知らせはがきなどを作成し、申告相談を行う申告相談準備事務機能、③提出された申告書の入力・債権連絡を行う申告事績管理機能、④申告書が提出された事案や無申告事案の審理を行った結果を管理する申告審理事績管理機能、⑤税務調査の結果などを管理する調査事績管理機能、⑥更正・決定及び修正申告書の処理や加算税の賦課決定などを管理する賦課事績管理機能があり、贈与税や所得税（譲渡所得）における一連の事務処理を行う基幹システムである。当該業務は、いずれも全国12の国税局（沖縄国税事務所を含む。）と524の税務署において展開されており、全て電子的に処理をしている。,2016,2016,291094000,291094000
20240,2016,文部科学省,15-02,高等学校等就学支援金制度業務システムの構築,●国立高校の生徒に対する就学支援金の支給に当たり、支給権者たる文部科学省が、マイナンバーを用いて市町村から市町村民税所得割に係る情報を取得し、支給決定等を行うこととするため、文部科学省にマイナンバー関連システムと、業務システム（照会サーバ）の整備を行う。,継続,●高等学校等就学支援金の支給に関する法律（平成22年法律第18号）に基づき、高等学校等の生徒等は、その授業料に充てるために高等学校等就学支援金（月額9900円。以下「就学支援金」という。）の支給を受けることができる。●就学支援金の支給を受けるためには、生徒等は、学校を通じて都道府県知事、都道府県教育委員会又は文部科学大臣から受給資格の認定を受ける必要がある。就学支援金は、生徒等の在学する高等学校等の設置者が、当該生徒等に代理して受領し、当該生徒等の授業料債権の弁済に充てるものとされている。●就学支援金の支給権者は、私立高校の場合は都道府県知事、公立高校の場合は都道府県教育委員会、国立高校の場合は文部科学大臣となっている。国立高校の生徒に対する就学支援金については、文部科学省において受給資格認定申請の受付から支給までの事務を実施している。現行制度においては、就学支援金の支給に際しては、生徒の保護者の所得が一定基準以下（保護者の市町村民税所得割額が304200円未満(※年収約910万円未満))であることが要件となっており、申請者たる生徒は、申請書とともに保護者の課税証明書等を提出しなければならない（加えて、毎年１回、収入状況届出書を提出）。,以下の業務・手続きのうち、②、④がシステム化され、電子的に処理される。①受給資格認定申請の受理（４月入学時）→生徒から提出された申請書・課税証明書を各学校においてとりまとめ、各学校は申請者一覧を作成（申請者一覧において、生徒氏名と保護者等の課税額を記載）。申請者一覧・申請書類を、各学校から文部科学省に提出。②受給資格認定に係る審査・認定・支給額の決定→文部科学省において、各学校から提出された一覧及び申請書類を基に、申請者の受給資格・支給額について審査。受給資格認定の可否等について、事務システムに入力し、申請者に対する回答の通知書を出力。各学校を通じて、申請者に対して通知書を送付する。③収入状況届出書の受付（毎年７月頃）、→生徒から提出された届出書・課税証明書を各学校においてとりまとめ、各学校は届出者一覧を作成（届出者一覧において、生徒氏名と保護者等の課税額を記載）。届出者一覧・届出書類を、各学校から文部科学省に提出。④収入状況届出書の審査→文部科学省において、各学校から提出された一覧及び届出書類を基に、届出者の受給資格・支給額について審査。受給資格認定の可否等について、事務システムに入力し、届出者に対する回答の通知書を出力。各学校を通じて、届出者に対して通知書を送付。,2015,2019,392461000,766762000
20241,2016,文部科学省,14-08,所得連動返還型奨学金制度の導入に係るシステム開発,独立行政法人日本学生支援機構において、社会保障・税番号制度(マイナンバー制度)の導入を前提に、返還月額が卒業後の所得に連動する、「所得連動返還型奨学金制度」の導入に向けて、詳細な制度設計を進めるとともにシステムの開発・改修に着手する。,新規,独立行政法人日本学生支援機構法に基づき、独立行政法人日本学生支援機構において、経済的理由により修学に困難がある優れた学生等に対し、奨学金の貸与を行っている。貸与対象者は、大学・短期大学・高等専門学校・専修学校（専門課程）及び大学院で学ぶ学生等である。,奨学生の採用に係る業務、奨学金の回収に係る業務、奨学金の返還免除業務等の一連の業務を「奨学金業務システム」を通じて処理している。番号制度導入後は、これらの業務のうち法令で定められた手続きの実施にあたり、以下のとおり個人番号を利用する。①個人番号の収集・登録、機関別符号の取得②特定個人情報の照会・取得,2014,2020,0,6085721000
